Date,ITUB4.SA,PETR4.SA,VALE3.SA
2020-01-02,23.203933715820312,8.700250625610352,30.14015769958496
2020-01-03,22.959884643554688,8.629403114318848,29.91826057434082
2020-01-06,22.618194580078125,8.731425285339355,29.740734100341797
2020-01-07,22.09346580505371,8.697417259216309,29.957090377807617
2020-01-08,21.73348045349121,8.643571853637695,29.96263885498047
2020-01-09,21.300268173217773,8.615233421325684,29.568761825561523
2020-01-10,21.11113929748535,8.578391075134277,29.602039337158203
2020-01-13,21.391788482666016,8.595394134521484,30.678279876708984
2020-01-14,21.391788482666016,8.501873970031738,30.866893768310547
2020-01-15,21.129432678222656,8.374346733093262,30.76703643798828
2020-01-16,21.172138214111328,8.365846633911133,30.606164932250977
2020-01-17,21.31857681274414,8.45936393737793,31.621374130249023
2020-01-20,20.885372161865234,8.501873970031738,31.821088790893555
2020-01-21,20.439964294433594,8.394183158874512,31.083255767822266
2020-01-22,20.561996459960938,8.300663948059082,31.233043670654297
2020-01-23,21.050113677978516,8.402684211730957,30.789236068725586
2020-01-24,20.89146614074707,8.303497314453125,29.84613609313965
2020-01-27,20.439964294433594,7.943586349487305,28.020971298217773
2020-01-28,20.433860778808594,8.161800384521484,28.403751373291016
2020-01-29,20.116586685180664,8.175970077514648,28.15411376953125
2020-01-30,20.409448623657227,8.201475143432617,28.57018280029297
2020-01-31,20.025056838989258,8.06261157989502,27.887834548950195
2020-02-03,20.083053588867188,7.986093997955322,28.242877960205078
2020-02-04,20.241758346557617,8.113622665405273,28.99734878540039
2020-02-05,20.363855361938477,8.04560661315918,29.396780014038086
2020-02-06,20.31500816345215,8.269489288330078,29.557659149169922
2020-02-07,20.577505111694336,8.19864273071289,28.90304183959961
2020-02-10,20.925437927246094,8.25532054901123,27.84345054626465
2020-02-11,21.40767478942871,8.354508399963379,28.87529754638672
2020-02-12,21.32221221923828,8.538716316223145,29.441158294677734
2020-02-13,20.992589950561523,8.422524452209473,28.925228118896484
2020-02-14,20.638545989990234,8.337506294250488,28.292800903320312
2020-02-17,20.449310302734375,8.320502281188965,29.629777908325195
2020-02-18,20.534778594970703,8.431025505065918,29.291378021240234
2020-02-19,20.827774047851562,8.657742500305176,29.296924591064453
2020-02-20,20.75452423095703,8.479203224182129,28.95851707458496
2020-02-21,20.557443618774414,8.258153915405273,27.810163497924805
2020-02-26,19.532089233398438,7.427803993225098,25.158405303955078
2020-02-27,19.544662475585938,7.169913291931152,24.670217514038086
2020-02-28,20.129688262939453,7.181250095367432,24.581459045410156
2020-03-02,20.063602447509766,7.518491744995117,25.718717575073242
2020-03-03,19.698585510253906,7.3824615478515625,25.713171005249023
2020-03-04,19.88739585876465,7.62051248550415,26.944734573364258
2020-03-05,19.207683563232422,7.167080402374268,25.990550994873047
2020-03-06,18.798614501953125,6.469926357269287,24.74788475036621
2020-03-09,17.495861053466797,4.548501491546631,20.98660659790039
2020-03-10,17.930103302001953,4.976430416107178,24.85883903503418
2020-03-11,16.470033645629883,4.491823196411133,22.60095977783203
2020-03-12,14.852606773376465,3.570786714553833,19.61079978942871
2020-03-13,16.495201110839844,4.364295482635498,23.799243927001953
2020-03-16,14.978477478027344,3.709651231765747,21.657867431640625
2020-03-17,15.859562873840332,3.684145927429199,23.028121948242188
2020-03-18,14.758204460144043,3.199537992477417,21.441509246826172
2020-03-19,14.380596160888672,3.4602625370025635,20.19329833984375
2020-03-20,13.877123832702637,3.400749444961548,19.522035598754883
2020-03-23,12.914220809936523,3.259052038192749,18.917346954345703
2020-03-24,14.160325050354004,3.7549948692321777,20.881200790405273
2020-03-25,14.852606773376465,4.058226585388184,22.66197967529297
2020-03-26,15.26168155670166,4.078066825866699,23.299959182739258
2020-03-27,14.45611572265625,3.769164562225342,22.245908737182617
2020-03-30,15.17357063293457,3.7918357849121094,23.17236328125
2020-03-31,14.531635284423828,3.964707374572754,23.976770401000977
2020-04-01,13.476799964904785,4.052560806274414,24.059980392456055
2020-04-02,13.539775848388672,4.395469665527344,23.732675552368164
2020-04-03,13.01077651977539,4.347291469573975,22.467819213867188
2020-04-06,13.968005180358887,4.469152450561523,23.926836013793945
2020-04-07,14.484403610229492,4.64769172668457,24.287431716918945
2020-04-08,15.227521896362305,4.908416271209717,24.137643814086914
2020-04-09,14.79928970336914,4.766717433929443,24.010055541992188
2020-04-13,15.11415958404541,4.7978925704956055,24.72569465637207
2020-04-14,15.303085327148438,4.741211891174316,24.703502655029297
2020-04-15,14.736303329467773,4.642022132873535,23.96013069152832
2020-04-16,14.364750862121582,4.454981803894043,23.72157096862793
2020-04-17,14.622952461242676,4.571174621582031,24.40947914123535
2020-04-20,14.257689476013184,4.520163536071777,23.555147171020508
2020-04-22,14.087656021118164,4.7468791007995605,23.799243927001953
2020-04-23,13.886144638061523,4.803559303283691,24.137643814086914
2020-04-24,13.149322509765625,4.520163536071777,24.276338577270508
2020-04-27,13.583854675292969,4.661861896514893,24.714595794677734
2020-04-28,14.704816818237305,4.88857889175415,24.74788475036621
2020-04-29,14.900044441223145,5.157804489135742,25.923973083496094
2020-04-30,14.339560508728027,5.115293979644775,24.886568069458008
2020-05-04,13.79446029663086,4.925418853759766,24.37064552307129
2020-05-05,14.304899215698242,5.084120750427246,24.2430477142334
2020-05-06,14.01502799987793,4.897079944610596,24.592554092407227
2020-05-07,13.510883331298828,4.942422866821289,25.54673957824707
2020-05-08,14.065439224243164,5.237155437469482,27.10007095336914
2020-05-11,14.103240013122559,5.1436333656311035,26.47873306274414
2020-05-12,13.61801528930664,5.1407999992370605,26.328950881958008
2020-05-13,13.611717224121094,4.9849324226379395,26.928098678588867
2020-05-14,14.210376739501953,4.931087493896484,26.678457260131836
2020-05-15,13.630613327026367,4.860238075256348,26.65626335144043
2020-05-18,14.286008834838867,5.2541584968566895,28.437042236328125
2020-05-19,13.668434143066406,5.293834686279297,29.013996124267578
2020-05-20,13.611717224121094,5.469539642333984,29.124948501586914
2020-05-21,14.393126487731934,5.438366413116455,28.364927291870117
2020-05-22,14.468750953674316,5.290999889373779,27.887834548950195
2020-05-25,15.098920822143555,5.520549774169922,27.793521881103516
2020-05-26,14.500252723693848,5.574396133422852,27.29423713684082
2020-05-27,14.95398235321045,5.648080348968506,28.09309196472168
2020-05-28,14.689301490783691,5.60273551940918,27.787975311279297
2020-05-29,14.519157409667969,5.764270782470703,29.402328491210938
2020-06-01,14.919587135314941,5.7614359855651855,29.635334014892578
2020-06-02,15.922204971313477,6.064671039581299,29.635334014892578
2020-06-03,16.344697952270508,6.084507942199707,29.768470764160156
2020-06-04,16.817636489868164,6.073172092437744,30.877988815307617
2020-06-05,17.189678192138672,6.263047695159912,30.295490264892578
2020-06-08,17.883317947387695,6.384908199310303,30.389801025390625
2020-06-09,17.530193328857422,6.155355930328369,30.506305694580078
2020-06-10,16.767189025878906,6.064671039581299,30.068042755126953
2020-06-12,16.4329776763916,5.837953090667725,29.62423324584961
2020-06-15,16.048316955566406,5.866292953491211,29.89051628112793
2020-06-16,16.50865364074707,6.0561699867248535,30.72820472717285
2020-06-17,16.71674156188965,6.0760064125061035,31.177562713623047
2020-06-18,17.37254524230957,6.1213507652282715,31.16092300415039
2020-06-19,17.713056564331055,6.084507942199707,30.606164932250977
2020-06-22,17.164451599121094,5.937142372131348,30.51185417175293
2020-06-23,16.93744659423828,6.135519027709961,30.839160919189453
2020-06-24,16.294252395629883,5.951312065124512,30.72820472717285
2020-06-25,16.489728927612305,6.084507942199707,31.066612243652344
2020-06-26,16.2122802734375,5.905970096588135,30.855802536010742
2020-06-29,16.697826385498047,6.138354301452637,30.861347198486328
2020-06-30,16.048316955566406,6.107178211212158,31.022235870361328
2020-07-01,16.467905044555664,6.152523040771484,30.25665855407715
2020-07-02,16.751840591430664,6.251711368560791,30.7836856842041
2020-07-03,16.720287322998047,6.229040622711182,30.656085968017578
2020-07-06,17.496355056762695,6.379239559173584,31.38282585144043
2020-07-07,16.638263702392578,6.299889087677002,31.271875381469727
2020-07-08,16.99791145324707,6.418913841247559,31.798898696899414
2020-07-09,17.00421905517578,6.274383544921875,31.299606323242188
2020-07-10,17.16196060180664,6.379239559173584,31.604726791381836
2020-07-13,16.909574508666992,6.280050754547119,31.981964111328125
2020-07-14,17.193510055541992,6.48976469039917,34.22874450683594
2020-07-15,17.31338882446289,6.614458084106445,34.2786750793457
2020-07-16,17.023141860961914,6.4387526512146,33.35222244262695
2020-07-17,17.174577713012695,6.44442081451416,33.862606048583984
2020-07-20,17.225053787231445,6.44442081451416,33.729461669921875
2020-07-21,17.527904510498047,6.622960090637207,33.119224548339844
2020-07-22,17.07992935180664,6.5322723388671875,32.864044189453125
2020-07-23,16.720287322998047,6.396371364593506,32.64767837524414
2020-07-24,16.701364517211914,6.44171667098999,32.50899124145508
2020-07-27,17.540531158447266,6.574915409088135,34.04566955566406
2020-07-28,17.4395694732666,6.461553573608398,33.474273681640625
2020-07-29,17.849699020385742,6.56641149520874,34.92219924926758
2020-07-30,17.546842575073242,6.467222690582275,33.990196228027344
2020-07-31,16.96636199951172,6.291512966156006,33.67953109741211
2020-08-03,17.22203254699707,6.178153038024902,33.42988967895508
2020-08-04,16.2182674407959,6.1724853515625,33.67399215698242
2020-08-05,16.205638885498047,6.569246768951416,34.50058364868164
2020-08-06,16.43290138244629,6.5805816650390625,34.30086898803711
2020-08-07,16.08568572998047,6.458720684051514,33.53529357910156
2020-08-10,16.294021606445312,6.645766258239746,34.50613021850586
2020-08-11,16.104631423950195,6.54090690612793,33.44099044799805
2020-08-12,15.92155933380127,6.654267311096191,34.117794036865234
2020-08-13,15.46700668334961,6.472889423370361,33.47981643676758
2020-08-14,15.612213134765625,6.424712181091309,34.034584045410156
2020-08-17,15.239739418029785,6.404874324798584,34.522769927978516
2020-08-18,15.336474418640137,6.523901462554932,34.983219146728516
2020-08-19,15.26055908203125,6.487061023712158,34.611534118652344
2020-08-20,15.26055908203125,6.44171667098999,34.92219924926758
2020-08-21,15.235252380371094,6.393537998199463,34.50613021850586
2020-08-24,15.488327980041504,6.509730815887451,34.9277458190918
2020-08-25,15.374431610107422,6.481390953063965,34.18436813354492
2020-08-26,15.051762580871582,6.297180652618408,34.25648498535156
2020-08-27,15.2985200881958,6.277342796325684,33.723915100097656
2020-08-28,15.456686019897461,6.387868881225586,33.89588928222656
2020-08-31,14.899922370910645,6.2036590576171875,33.108131408691406
2020-09-01,15.409558296203613,6.481390953063965,34.262027740478516
2020-09-02,15.377902030944824,6.461553573608398,34.017940521240234
2020-09-03,15.751429557800293,6.484226226806641,32.90841293334961
2020-09-04,15.802084922790527,6.495561122894287,33.557491302490234
2020-09-08,15.447545051574707,6.3085174560546875,32.880680084228516
2020-09-09,15.466545104980469,6.44171667098999,33.28565216064453
2020-09-10,15.137327194213867,6.268840312957764,32.47016143798828
2020-09-11,14.960062026977539,6.2008256912231445,34.36743927001953
2020-09-14,15.225953102111816,6.144144535064697,34.34524154663086
2020-09-15,15.023375511169434,6.141311168670654,34.7280387878418
2020-09-16,14.97905445098877,6.158315181732178,33.82377624511719
2020-09-17,14.998058319091797,6.277342796325684,34.43955993652344
2020-09-18,14.624526977539062,6.1356425285339355,34.2065544128418
2020-09-21,14.497901916503906,5.923090934753418,33.28565216064453
2020-09-22,14.624526977539062,5.894750118255615,33.4113655090332
2020-09-23,14.231998443603516,5.733212471008301,34.156917572021484
2020-09-24,14.580201148986816,5.7813897132873535,33.90262222290039
2020-09-25,14.504232406616211,5.704873085021973,34.243614196777344
2020-09-28,14.497901916503906,5.563169956207275,33.97197723388672
2020-09-29,14.181352615356445,5.4724836349487305,33.72345733642578
2020-09-30,14.244658470153809,5.557504653930664,34.16270446777344
2020-10-01,14.266834259033203,5.625518798828125,34.018211364746094
2020-10-02,14.311182022094727,5.39029598236084,33.70611572265625
2020-10-05,14.463231086730957,5.67653226852417,34.440120697021484
2020-10-06,14.488566398620605,5.648193359375,33.8795051574707
2020-10-07,14.380866050720215,5.608517169952393,34.77532958984375
2020-10-08,15.24879264831543,5.792726516723633,35.42263412475586
2020-10-09,15.20444393157959,5.6113481521606445,35.60179901123047
2020-10-13,15.058731079101562,5.704873085021973,35.91389846801758
2020-10-14,15.014389038085938,5.65952730178833,36.410926818847656
2020-10-15,14.881354331970215,5.597179412841797,36.1046257019043
2020-10-16,14.640612602233887,5.478150367736816,35.97168731689453
2020-10-19,14.79898452758789,5.5319976806640625,35.80408477783203
2020-10-20,15.388161659240723,5.7190423011779785,35.74051284790039
2020-10-21,15.527542114257812,5.713374614715576,36.32424545288086
2020-10-22,16.32577133178711,5.906087398529053,36.46872329711914
2020-10-23,16.116714477539062,5.8295698165893555,36.671016693115234
2020-10-26,16.230751037597656,5.7388811111450195,36.12195587158203
2020-10-27,15.768282890319824,5.634021759033203,36.1392936706543
2020-10-28,15.065075874328613,5.291106700897217,34.82734680175781
2020-10-29,15.141087532043457,5.46681547164917,35.84454345703125
2020-10-30,14.875016212463379,5.367624759674072,34.99495315551758
2020-11-03,15.239520072937012,5.568838119506836,36.60743713378906
2020-11-04,15.8480863571167,5.588677406311035,35.59023666381836
2020-11-05,16.222108840942383,5.636855602264404,36.150848388671875
2020-11-06,16.20308494567871,5.597179412841797,36.5207405090332
2020-11-09,17.515300750732422,6.124308109283447,36.5207405090332
2020-11-10,18.307708740234375,6.54090690612793,36.50341033935547
2020-11-11,18.155569076538086,6.484226226806641,36.7577018737793
2020-11-12,17.711824417114258,6.209325790405273,36.22020721435547
2020-11-13,18.047807693481445,6.413376808166504,36.555416107177734
2020-11-16,18.681720733642578,6.600419998168945,37.52059555053711
2020-11-17,18.694395065307617,6.713780403137207,38.70541000366211
2020-11-18,18.237972259521484,6.674103736877441,38.40486526489258
2020-11-19,18.26333236694336,6.750622749328613,39.138858795166016
2020-11-23,18.32038688659668,7.113378524780273,41.2021598815918
2020-11-24,18.8338680267334,7.4307861328125,43.23075866699219
2020-11-25,18.61199951171875,7.43928861618042,43.63533020019531
2020-11-26,18.21895980834961,7.317428112030029,44.25373458862305
2020-11-27,18.35841941833496,7.226738929748535,45.33449935913086
2020-11-30,18.104854583740234,7.05669641494751,45.08019256591797
2020-12-01,18.869138717651367,7.255077838897705,46.958553314208984
2020-12-02,19.0150203704834,7.342929363250732,46.14363479614258
2020-12-03,19.0023250579834,7.549817085266113,45.635032653808594
2020-12-04,19.192607879638672,7.8020429611206055,47.380455017089844
2020-12-07,19.30677032470703,7.651841163635254,47.94105911254883
2020-12-08,19.25603675842285,7.555483818054199,47.912166595458984
2020-12-09,19.370189666748047,7.634836673736572,47.79657745361328
2020-12-10,20.010805130004883,7.884230613708496,49.12586212158203
2020-12-11,19.89255714416504,7.813379764556885,49.044952392578125
2020-12-14,19.625621795654297,7.827548980712891,48.28783416748047
2020-12-15,19.803585052490234,7.892732620239258,48.836883544921875
2020-12-16,20.178552627563477,7.989089012145996,49.83096694946289
2020-12-17,20.153135299682617,8.00325870513916,50.39735412597656
2020-12-18,20.121360778808594,7.963582515716553,50.74412536621094
2020-12-21,19.76544761657715,7.65750789642334,50.200843811035156
2020-12-22,19.860788345336914,7.7311930656433105,50.247093200683594
2020-12-23,20.299301147460938,7.921071529388428,50.48982620239258
2020-12-28,20.445480346679688,7.98625373840332,50.46092987060547
2020-12-29,20.4010009765625,8.011759757995605,50.32223129272461
2020-12-30,20.102294921875,8.031597137451172,50.541847229003906
2021-01-04,19.647659301757812,8.193137168884277,52.85942459106445
2021-01-05,19.520488739013672,8.513381004333496,53.74946975708008
2021-01-06,20.09275245666504,8.530385971069336,55.5122184753418
2021-01-07,20.874845504760742,8.785446166992188,59.13597869873047
2021-01-08,20.868480682373047,8.81945514678955,58.951026916503906
2021-01-11,20.397960662841797,8.745769500732422,58.93947982788086
2021-01-12,20.461549758911133,8.680585861206055,57.32698440551758
2021-01-13,20.12454605102539,8.261155128479004,55.610469818115234
2021-01-14,20.72223472595215,8.346173286437988,56.523643493652344
2021-01-15,19.940147399902344,7.969249248504639,54.067344665527344
2021-01-18,19.838409423828125,7.955080509185791,54.506587982177734
2021-01-19,19.603147506713867,8.130789756774902,54.36208724975586
2021-01-20,19.278867721557617,7.994757652282715,53.35646438598633
2021-01-21,19.018169403076172,7.807710647583008,53.9575309753418
2021-01-22,18.611230850219727,7.677347183227539,53.84772491455078
2021-01-26,17.993501663208008,7.651841163635254,53.02703094482422
2021-01-27,17.993501663208008,7.76520299911499,51.553253173828125
2021-01-28,18.7196102142334,7.8672261238098145,52.6513671875
2021-01-29,18.05082893371582,7.563987731933594,50.8308219909668
2021-02-01,18.531970977783203,7.8020429611206055,52.74961471557617
2021-02-02,18.13686180114746,8.122286796569824,50.6632080078125
2021-02-03,18.047643661499023,8.201638221740723,52.26414489746094
2021-02-04,17.97117042541504,8.167630195617676,51.60527038574219
2021-02-05,17.89469337463379,8.173299789428711,53.570308685302734
2021-02-08,17.563308715820312,7.96641731262207,54.333194732666016
2021-02-09,17.773609161376953,7.8048787117004395,54.471900939941406
2021-02-10,17.646154403686523,7.878560543060303,54.731990814208984
2021-02-11,17.646154403686523,7.957913875579834,53.80727005004883
2021-02-12,17.690757751464844,8.059938430786133,54.26384735107422
2021-02-17,17.913806915283203,8.385848999023438,55.68561553955078
2021-02-18,17.786354064941406,8.29516315460205,56.292457580566406
2021-02-19,17.601551055908203,7.745361328125,56.50629806518555
2021-02-22,16.320619583129883,6.141311168670654,55.10765838623047
2021-02-23,17.36576271057129,6.818639755249023,56.032379150390625
2021-02-24,17.110841751098633,6.91499662399292,56.598777770996094
2021-02-25,16.575529098510742,6.572081089019775,55.315731048583984
2021-02-26,16.374929428100586,6.302849292755127,54.62795639038086
2021-03-01,15.884349822998047,6.234832286834717,56.968666076660156
2021-03-02,16.52562713623047,6.231998443603516,58.71985626220703
2021-03-03,16.5640926361084,6.005278587341309,57.99741744995117
2021-03-04,17.083534240722656,6.297180652618408,57.136268615722656
2021-03-05,17.71839141845703,6.345358371734619,60.52561950683594
2021-03-08,17.154067993164062,5.979773044586182,60.1994743347168
2021-03-09,17.391340255737305,6.11863899230957,59.595489501953125
2021-03-10,17.519594192504883,6.3311896324157715,58.677433013916016
2021-03-11,17.54524803161621,6.600419998168945,60.21759796142578
2021-03-12,17.42981719970703,6.56641149520874,58.82842254638672
2021-03-15,17.63502311706543,6.702444076538086,58.478111267089844
2021-03-16,17.275909423828125,6.597587585449219,58.290870666503906
2021-03-17,17.949249267578125,6.824307441711426,59.130428314208984
2021-03-18,18.051849365234375,6.586250305175781,58.079490661621094
2021-03-19,18.0903263092041,6.801636695861816,57.245975494384766
2021-03-22,18.192934036254883,6.665603160858154,56.29771041870117
2021-03-23,17.731216430664062,6.461553573608398,54.99913787841797
2021-03-24,17.42340660095215,6.467222690582275,56.261478424072266
2021-03-25,17.731216430664062,6.574915409088135,55.8326530456543
2021-03-26,18.033584594726562,6.648599624633789,57.698974609375
2021-03-29,18.02715492248535,6.753458023071289,59.17875289916992
2021-03-30,18.322683334350586,6.753458023071289,58.62910079956055
2021-03-31,17.969331741333008,6.829976558685303,59.17271041870117
2021-04-01,17.41974639892578,6.770461082458496,58.8223876953125
2021-04-05,17.644723892211914,6.812971591949463,62.446311950683594
2021-04-06,17.439027786254883,6.8073039054870605,61.63697052001953
2021-04-07,17.284757614135742,6.801636695861816,63.15298080444336
2021-04-08,17.14975929260254,6.716614723205566,63.11674118041992
2021-04-09,17.124052047729492,6.702444076538086,62.21075439453125
2021-04-12,17.548309326171875,6.770461082458496,62.452354431152344
2021-04-13,17.5418758392334,6.793133735656738,62.561073303222656
2021-04-14,17.76685905456543,6.900826930999756,64.62670135498047
2021-04-15,17.76685905456543,6.763975620269775,65.3575439453125
2021-04-16,17.966121673583984,6.722962379455566,65.63536834716797
2021-04-19,17.69614601135254,7.112573623657227,65.067626953125
2021-04-20,17.606143951416016,6.97782039642334,64.1193618774414
2021-04-22,17.612585067749023,6.945598125457764,64.1616439819336
2021-04-23,17.69614601135254,6.9397382736206055,65.22467041015625
2021-04-26,17.683290481567383,6.966104507446289,65.5749740600586
2021-04-27,17.413312911987305,6.766903877258301,66.51115417480469
2021-04-28,18.171131134033203,7.012972354888916,67.59834289550781
2021-04-29,17.59785270690918,6.919232368469238,67.61643981933594
2021-04-30,17.733112335205078,6.919232368469238,65.84677124023438
2021-05-03,17.981246948242188,6.863574981689453,65.50852966308594
2021-05-04,17.21429443359375,6.70538854598999,66.49907684326172
2021-05-05,17.70411491394043,6.980751037597656,66.86750793457031
2021-05-06,17.594560623168945,6.884080410003662,69.48881530761719
2021-05-07,17.807233810424805,7.141867160797119,69.73041534423828
2021-05-10,18.07147216796875,7.235608100891113,69.27137756347656
2021-05-11,18.032812118530273,7.367431163787842,71.70545196533203
2021-05-12,17.768564224243164,7.259041786193848,69.053955078125
2021-05-13,18.284160614013672,7.320559978485107,67.9426040649414
2021-05-14,18.690187454223633,7.704310417175293,66.77691650390625
2021-05-17,18.677297592163086,7.809770107269287,68.5284652709961
2021-05-18,18.63862419128418,7.718957424163818,69.2170181274414
2021-05-19,18.77396583557129,7.660370826721191,67.79763793945312
2021-05-20,18.877090454101562,7.59592342376709,67.1091079711914
2021-05-21,18.967313766479492,7.601783275604248,66.07628631591797
2021-05-24,18.915760040283203,7.730675220489502,66.30580139160156
2021-05-25,18.721271514892578,7.569559574127197,64.65692138671875
2021-05-26,18.97949981689453,7.642794132232666,66.5594711303711
2021-05-27,18.8181095123291,7.590063095092773,67.03662109375
2021-05-28,19.12798309326172,7.906439781188965,67.39900207519531
2021-05-31,19.069875717163086,7.871286392211914,69.32573699951172
2021-06-01,19.76420783996582,7.994320392608643,68.3714370727539
2021-06-02,20.423011779785156,8.164226531982422,69.33782196044922
2021-06-04,20.849300384521484,8.348777770996094,68.19023132324219
2021-06-07,21.34017562866211,8.287262916564941,67.5258560180664
2021-06-08,21.191619873046875,8.395648956298828,66.3903579711914
2021-06-09,21.48226547241211,8.395648956298828,67.76744079589844
2021-06-10,21.404762268066406,8.401506423950195,67.5439682006836
2021-06-11,21.152864456176758,8.36928653717041,69.05998229980469
2021-06-14,21.081823348999023,8.422013282775879,68.68550872802734
2021-06-15,21.081823348999023,8.504034042358398,67.34465026855469
2021-06-16,21.501646041870117,8.536259651184082,65.3212890625
2021-06-17,21.249759674072266,8.24039077758789,63.96232986450195
2021-06-18,20.862220764160156,8.29604721069336,65.8890380859375
2021-06-21,20.959095001220703,8.48060131072998,66.50511932373047
2021-06-22,20.687822341918945,8.524540901184082,67.28425598144531
2021-06-23,20.539270401000977,8.583128929138184,68.29292297363281
2021-06-24,20.545734405517578,8.68565845489502,68.38510131835938
2021-06-25,19.893394470214844,8.524540901184082,69.22889709472656
2021-06-28,19.66732406616211,8.509894371032715,68.1202621459961
2021-06-29,19.473552703857422,8.54797649383545,69.29666137695312
2021-06-30,19.247495651245117,8.621211051940918,69.75244140625
2021-07-01,19.186100006103516,8.512825965881348,68.5390853881836
2021-07-02,19.392900466918945,8.54797649383545,69.9556884765625
2021-07-05,19.127948760986328,8.451305389404297,69.70316314697266
2021-07-06,19.09564208984375,8.105637550354004,70.07271575927734
2021-07-07,19.17964744567871,8.216954231262207,70.27596282958984
2021-07-08,18.927621841430664,8.052909851074219,70.00496673583984
2021-07-12,19.186100006103516,8.123215675354004,70.87339782714844
2021-07-13,19.302425384521484,8.173011779785156,71.29222869873047
2021-07-14,19.32826805114746,8.105637550354004,70.9041976928711
2021-07-15,19.09564208984375,7.932804584503174,71.12593078613281
2021-07-16,18.785457611083984,7.815628528594971,69.84481048583984
2021-07-19,18.675596237182617,7.686736583709717,69.08108520507812
2021-07-20,18.921152114868164,7.789264678955078,69.6600570678711
2021-07-21,18.998703002929688,7.897648811340332,70.46073913574219
2021-07-22,18.80484390258789,7.880074977874756,70.6455078125
2021-07-23,18.753145217895508,7.833204746246338,70.28826904296875
2021-07-26,19.08270835876465,8.047050476074219,71.81574249267578
2021-07-27,19.270111083984375,7.953310012817383,70.32524108886719
2021-07-28,19.89693832397461,8.117355346679688,72.24688720703125
2021-07-29,19.79355239868164,8.146649360656738,71.18135833740234
2021-07-30,19.58029556274414,7.883007049560547,66.98697662353516
2021-08-02,19.69990348815918,7.736534595489502,67.0916748046875
2021-08-03,19.893877029418945,7.865427017211914,69.37672424316406
2021-08-04,19.337839126586914,7.698451995849609,69.30281829833984
2021-08-05,19.39603614807129,8.304838180541992,67.18406677246094
2021-08-06,19.939119338989258,8.31655502319336,67.56593322753906
2021-08-09,20.171871185302734,8.257966995239258,67.14094543457031
2021-08-10,19.79041862487793,8.284331321716309,67.78765869140625
2021-08-11,20.010234832763672,8.398578643798828,67.30109405517578
2021-08-12,19.63524627685547,8.524540901184082,67.25797271728516
2021-08-13,19.900331497192383,8.597776412963867,66.70365905761719
2021-08-16,19.6822509765625,8.389787673950195,67.0115966796875
2021-08-17,19.610898971557617,8.389761924743652,65.9029541015625
2021-08-18,19.64982032775879,8.315269470214844,63.69182586669922
2021-08-19,19.39681053161621,8.26871109008789,60.057918548583984
2021-08-20,19.32546043395996,8.256293296813965,60.082557678222656
2021-08-23,19.53304672241211,8.38665771484375,59.251075744628906
2021-08-24,20.077972412109375,8.560476303100586,61.412933349609375
2021-08-25,20.103919982910156,8.60703182220459,61.28359603881836
2021-08-26,19.617382049560547,8.532538414001465,60.501380920410156
2021-08-27,19.954713821411133,8.842926025390625,62.01652908325195
2021-08-30,19.81200408935547,8.783952713012695,61.62236022949219
2021-08-31,20.07148551940918,8.439423561096191,60.77853775024414
2021-09-01,20.15911102294922,8.392866134643555,60.883243560791016
2021-09-02,19.432186126708984,8.256293296813965,60.69231033325195
2021-09-03,19.32185173034668,8.172492027282715,60.73542022705078
2021-09-06,19.568477630615234,8.21284008026123,59.78075408935547
2021-09-08,18.64035987854004,7.750364303588867,58.536617279052734
2021-09-09,18.886999130249023,7.914869785308838,58.327205657958984
2021-09-10,18.698772430419922,7.865208148956299,58.39493942260742
2021-09-13,18.932432174682617,8.141451835632324,58.36416244506836
2021-09-14,18.815601348876953,8.032815933227539,57.95149230957031
2021-09-15,18.510557174682617,8.172492027282715,56.50409698486328
2021-09-16,18.497577667236328,8.101101875305176,54.1574592590332
2021-09-17,18.056236267089844,7.737949848175049,53.061119079589844
2021-09-20,17.647336959838867,7.651040554046631,50.96701431274414
2021-09-21,17.601898193359375,7.824857711791992,51.810813903808594
2021-09-22,18.010791778564453,8.023504257202148,53.652400970458984
2021-09-23,18.633878707885742,8.330788612365723,53.65053176879883
2021-09-24,18.37425422668457,8.349411010742188,52.821048736572266
2021-09-27,18.854549407958984,8.423904418945312,53.575740814208984
2021-09-28,18.426177978515625,8.368033409118652,50.89014434814453
2021-09-29,18.757190704345703,8.50150203704834,51.53605651855469
2021-09-30,18.776653289794922,8.451838493347168,51.8351936340332
2021-10-01,19.266937255859375,8.690837860107422,51.80800247192383
2021-10-04,15.805774688720703,8.936042785644531,51.325286865234375
2021-10-05,16.188907623291016,9.131587982177734,50.95814895629883
2021-10-06,16.2408504486084,8.889483451843262,52.3927116394043
2021-10-07,15.89668083190918,8.877069473266602,53.95647048950195
2021-10-08,16.013574600219727,9.038471221923828,54.289615631103516
2021-10-11,15.734347343444824,9.100547790527344,55.493038177490234
2021-10-13,15.75382137298584,9.196767807006836,53.84769058227539
2021-10-14,15.675901412963867,9.212287902832031,53.84769058227539
2021-10-15,16.07850456237793,9.187459945678711,54.85393142700195
2021-10-18,16.188907623291016,9.140899658203125,54.337223052978516
2021-10-19,15.805774688720703,8.693940162658691,53.71171569824219
2021-10-20,16.227867126464844,8.846031188964844,52.1275634765625
2021-10-21,15.89668083190918,8.520124435424805,51.10091781616211
2021-10-22,15.286273956298828,8.436319351196289,51.72642135620117
2021-10-25,15.58498764038086,9.013641357421875,52.351924896240234
2021-10-26,15.416145324707031,8.92673110961914,51.79441452026367
2021-10-27,15.533032417297363,8.905003547668457,50.618194580078125
2021-10-28,15.500560760498047,8.988807678222656,50.108280181884766
2021-10-29,15.136920928955078,8.427007675170898,48.68729782104492
2021-11-01,15.739766120910645,8.690837860107422,49.170013427734375
2021-11-03,15.889235496520996,8.333891868591309,45.43739318847656
2021-11-04,15.050909996032715,8.070063591003418,44.92066955566406
2021-11-05,14.868942260742188,8.023504257202148,43.588077545166016
2021-11-08,14.790960311889648,8.10731029510498,45.960906982421875
2021-11-09,14.64148998260498,8.26871109008789,44.83229064941406
2021-11-10,15.01191234588623,8.203530311584473,44.66230392456055
2021-11-11,14.97941780090332,8.209738731384277,46.23966979980469
2021-11-12,14.946927070617676,8.377345085144043,46.43684005737305
2021-11-16,14.790960311889648,8.464254379272461,45.09744644165039
2021-11-17,14.849453926086426,8.250086784362793,44.193180084228516
2021-11-18,14.602500915527344,8.237672805786133,42.37786102294922
2021-11-19,14.479025840759277,8.101101875305176,43.53368377685547
2021-11-22,14.514904022216797,8.181802749633789,45.95410919189453
2021-11-23,14.7582426071167,8.628758430480957,47.164329528808594
2021-11-24,15.152841567993164,8.805683135986328,48.258949279785156
2021-11-25,15.290956497192383,9.19366455078125,47.9326057434082
2021-11-26,15.001577377319336,8.836719512939453,46.66800308227539
2021-11-29,14.902929306030273,9.14710521697998,47.252708435058594
2021-11-30,14.71878719329834,9.134689331054688,47.55866241455078
2021-12-01,14.625082969665527,9.187459945678711,47.7490348815918
2021-12-02,15.177969932556152,9.888465881347656,49.965484619140625
2021-12-03,15.125312805175781,10.027936935424805,48.86406707763672
2021-12-06,15.303023338317871,10.073265075683594,51.515647888183594
2021-12-07,15.11214542388916,10.237142562866211,51.89638900756836
2021-12-08,14.967348098754883,10.233656883239746,51.50886154174805
2021-12-09,14.565850257873535,10.212733268737793,51.1145133972168
2021-12-10,14.585591316223145,10.33825969696045,51.4340705871582
2021-12-13,14.197260856628418,10.275496482849121,52.93663024902344
2021-12-14,14.33548355102539,10.153460502624512,52.929840087890625
2021-12-15,14.28940200805664,10.216221809387207,52.63068771362305
2021-12-16,14.434206008911133,10.352206230163574,54.690773010253906
2021-12-17,14.118271827697754,10.108134269714355,53.82729721069336
2021-12-20,13.901068687438965,9.818729400634766,53.22218704223633
2021-12-21,13.920811653137207,9.832677841186523,54.62277603149414
2021-12-22,13.973471641540527,9.818729400634766,54.337223052978516
2021-12-23,14.045869827270508,9.878005027770996,53.813697814941406
2021-12-27,14.190677642822266,10.02444839477539,53.67771911621094
2021-12-28,14.138021469116211,10.034910202026367,52.38592529296875
2021-12-29,14.019543647766113,9.951229095458984,52.52189636230469
2021-12-30,13.789178848266602,9.91984748840332,53.00461959838867
2022-01-03,14.169705390930176,10.142999649047852,53.03181457519531
2022-01-04,14.571537017822266,10.181355476379395,52.406314849853516
2022-01-05,14.294873237609863,9.787347793579102,52.90263366699219
2022-01-06,14.584716796875,9.780375480651855,53.97007751464844
2022-01-07,14.907505989074707,9.825703620910645,57.11118698120117
2022-01-10,15.045839309692383,9.766427993774414,56.4312858581543
2022-01-11,15.381810188293457,10.055831909179688,57.505523681640625
2022-01-12,15.315926551818848,10.362667083740234,58.13103103637695
2022-01-13,15.599197387695312,10.571870803833008,57.24716567993164
2022-01-14,15.480621337890625,10.965877532958984,57.580318450927734
2022-01-17,15.480621337890625,10.983309745788574,57.28116226196289
2022-01-18,15.57284164428711,11.032123565673828,58.68174743652344
2022-01-19,15.467445373535156,10.97982406616211,59.97355651855469
2022-01-20,15.342280387878418,11.060019493103027,58.953704833984375
2022-01-21,15.348871231079102,11.07745361328125,57.72990036010742
2022-01-24,15.329102516174316,11.140215873718262,57.02280044555664
2022-01-25,15.882458686828613,11.502839088439941,57.1519775390625
2022-01-26,16.053726196289062,11.809672355651855,57.315162658691406
2022-01-27,16.13277816772461,11.813159942626953,57.444332122802734
2022-01-28,16.330400466918945,11.345932960510254,56.88002395629883
2022-01-31,16.686124801635742,11.279687881469727,54.98311996459961
2022-02-01,16.803232192993164,11.506324768066406,58.00185775756836
2022-02-02,16.539554595947266,11.338961601257324,58.32821273803711
2022-02-03,16.730730056762695,11.182056427001953,58.30100631713867
2022-02-04,16.783462524414062,11.377314567565918,59.83076095581055
2022-02-07,16.691173553466797,11.209949493408203,61.27894973754883
2022-02-08,16.87574005126953,11.098373413085938,62.1356201171875
2022-02-09,16.20335578918457,11.140215873718262,62.149227142333984
2022-02-10,16.51318359375,11.311063766479492,63.821754455566406
2022-02-11,17.48881721496582,11.771320343017578,62.52995300292969
2022-02-14,17.449256896972656,11.506324768066406,62.257999420166016
2022-02-15,17.614059448242188,11.325013160705566,60.40867233276367
2022-02-16,17.42948341369629,11.481915473937988,60.85060501098633
2022-02-17,17.18557357788086,11.436590194702148,58.23302459716797
2022-02-18,17.25149917602539,11.506324768066406,58.35540008544922
2022-02-21,16.829601287841797,11.802698135375977,58.40298843383789
2022-02-22,16.98371124267578,11.764348030090332,59.41603469848633
2022-02-23,16.746267318725586,11.931710243225098,58.7905387878418
2022-02-24,16.46265983581543,11.642308235168457,59.51802062988281
2022-02-25,16.799039840698242,11.855002403259277,62.740726470947266
2022-03-02,16.520286560058594,12.088613510131836,67.75154876708984
2022-03-03,16.53348731994629,11.938684463500977,67.7855453491211
2022-03-04,16.282676696777344,11.935197830200195,69.32889556884766
2022-03-07,15.932866096496582,11.087912559509277,71.43658447265625
2022-03-08,15.781061172485352,11.318038940429688,68.30226135253906
2022-03-09,16.566478729248047,11.352909088134766,66.50135040283203
2022-03-10,16.579679489135742,11.750398635864258,68.69711303710938
2022-03-11,16.394878387451172,11.328499794006348,68.33704376220703
2022-03-14,16.625883102416992,11.112319946289062,64.67272186279297
2022-03-15,16.566478729248047,10.843839645385742,62.81584930419922
2022-03-16,16.889896392822266,10.7496976852417,64.34088134765625
2022-03-17,17.25950813293457,10.463781356811523,66.57901763916016
2022-03-18,17.384902954101562,10.672989845275879,67.84281921386719
2022-03-21,17.81391143798828,11.07396411895752,69.76322174072266
2022-03-22,18.058128356933594,11.025151252746582,68.20288848876953
2022-03-23,17.97892189025879,11.17508316040039,68.09698486328125
2022-03-24,18.09773063659668,11.304092407226562,68.42176055908203
2022-03-25,18.13072967529297,11.262249946594238,67.23562622070312
2022-03-28,18.117523193359375,11.018178939819336,67.31329345703125
2022-03-29,18.32874298095703,11.262249946594238,66.73434448242188
2022-03-30,18.368335723876953,11.502839088439941,67.68749237060547
2022-03-31,18.137327194213867,11.663230895996094,67.49687194824219
2022-04-01,18.188615798950195,11.509809494018555,68.45706176757812
2022-04-04,18.023496627807617,11.40172290802002,69.14897918701172
2022-04-05,17.66025161743164,11.293632507324219,67.1509017944336
2022-04-06,17.653650283813477,11.283172607421875,68.16759490966797
2022-04-07,17.64044189453125,11.868948936462402,68.57708740234375
2022-04-08,17.607419967651367,11.928223609924316,67.17913818359375
2022-04-11,17.5413761138916,11.837570190429688,66.3672103881836
2022-04-12,17.230966567993164,11.802698135375977,65.92240142822266
2022-04-13,17.277204513549805,12.053749084472656,65.9435806274414
2022-04-14,17.389474868774414,11.927964210510254,65.0186767578125
2022-04-18,17.488544464111328,11.718167304992676,63.94551086425781
2022-04-19,17.178129196166992,12.072914123535156,61.90506362915039
2022-04-20,17.2904052734375,12.130130767822266,60.29532241821289
2022-04-22,16.953588485717773,11.657132148742676,56.80043411254883
2022-04-25,16.887540817260742,11.485480308532715,55.83317565917969
2022-04-26,16.31294822692871,11.466409683227539,55.070655822753906
2022-04-27,16.180858612060547,11.466409683227539,58.01481628417969
2022-04-28,16.04877471923828,11.542699813842773,59.44806671142578
2022-04-29,15.764786720275879,11.550328254699707,58.805580139160156
2022-05-02,15.697134017944336,11.435893058776855,58.544342041015625
2022-05-03,15.776449203491211,11.538884162902832,58.247806549072266
2022-05-04,15.756624221801758,12.233123779296875,57.76064682006836
2022-05-05,15.393105506896973,12.210234642028809,56.71572494506836
2022-05-06,15.72357177734375,12.610761642456055,56.313270568847656
2022-05-09,15.498854637145996,12.267454147338867,54.004547119140625
2022-05-10,15.419541358947754,12.374260902404785,53.33381271362305
2022-05-11,15.935075759887695,12.8052978515625,55.55781173706055
2022-05-12,16.186229705810547,12.904478073120117,55.000057220458984
2022-05-13,16.37789535522461,13.072315216064453,54.93650817871094
2022-05-16,16.549734115600586,13.202009201049805,56.581565856933594
2022-05-17,16.69513511657715,13.03035831451416,56.34151840209961
2022-05-18,16.45720672607422,12.816742897033691,54.91531753540039
2022-05-19,16.40433692932129,13.034171104431152,56.37681579589844
2022-05-20,16.609228134155273,13.285927772521973,57.3723258972168
2022-05-23,17.038829803466797,13.808517456054688,58.544342041015625
2022-05-24,17.296592712402344,13.432526588439941,59.33510208129883
2022-05-25,16.9859561920166,13.623810768127441,59.5186653137207
2022-05-26,17.197458267211914,13.657819747924805,59.483367919921875
2022-05-27,17.289981842041016,13.007448196411133,60.5212516784668
2022-05-30,17.13134765625,12.748147964477539,61.177852630615234
2022-05-31,17.289981842041016,12.777905464172363,60.867191314697266
2022-06-01,17.050334930419922,12.76090145111084,62.30044937133789
2022-06-02,17.123088836669922,12.65038013458252,63.47246170043945
2022-06-03,16.96435546875,12.871423721313477,62.45578384399414
2022-06-06,16.904829025268555,12.879923820495605,62.51932907104492
2022-06-07,16.904829025268555,13.032955169677734,63.980812072753906
2022-06-08,16.580753326416016,12.969193458557129,61.777984619140625
2022-06-09,16.29636001586914,12.782156944274902,59.688114166259766
2022-06-10,15.939218521118164,12.603621482849121,59.702247619628906
2022-06-13,15.747417449951172,12.442091941833496,57.8100700378418
2022-06-14,15.64159870147705,12.582367897033691,57.697105407714844
2022-06-15,15.707736015319824,12.361327171325684,57.66180419921875
2022-06-17,15.50932502746582,11.608933448791504,54.65409851074219
2022-06-20,16.183937072753906,11.74070930480957,53.30556869506836
2022-06-21,16.011964797973633,11.506916046142578,53.65859603881836
2022-06-22,15.892911911010742,11.472907066345215,53.19966125488281
2022-06-23,15.52916431427002,11.260368347167969,51.25807189941406
2022-06-24,15.502705574035645,11.175350189208984,52.68425750732422
2022-06-27,15.595298767089844,11.893739700317383,55.10595703125
2022-06-28,15.423343658447266,12.042515754699707,56.09440231323242
2022-06-29,15.264613151550293,11.936248779296875,55.628421783447266
2022-06-30,14.99344253540039,11.87248420715332,54.0539665222168
2022-07-01,15.124269485473633,12.127534866333008,53.02315902709961
2022-07-04,14.978652954101562,12.38683032989502,52.71957015991211
2022-07-05,15.084556579589844,11.914995193481445,52.458335876464844
2022-07-06,14.945555686950684,11.761961936950684,52.95255661010742
2022-07-07,15.157366752624512,12.106278419494629,54.4917106628418
2022-07-08,15.163983345031738,12.242302894592285,53.2349739074707
2022-07-11,14.919085502624512,12.182793617248535,51.42047119140625
2022-07-12,14.885991096496582,12.000005722045898,51.57577896118164
2022-07-13,14.82641315460205,12.008509635925293,51.3992805480957
2022-07-14,14.660947799682617,11.685447692871094,47.97500991821289
2022-07-15,14.925702095031738,11.885237693786621,48.271549224853516
2022-07-18,15.124269485473633,12.157286643981934,48.52572250366211
2022-07-19,15.633925437927246,12.403834342956543,48.63162612915039
2022-07-20,15.435359001159668,12.39958381652832,47.57963562011719
2022-07-21,15.561114311218262,12.335820198059082,48.41275405883789
2022-07-22,15.395641326904297,12.467595100402832,48.864620208740234
2022-07-25,15.620688438415527,13.049957275390625,49.76834487915039
2022-07-26,15.534645080566406,13.181730270385742,49.67656326293945
2022-07-27,15.587599754333496,13.32625961303711,49.789520263671875
2022-07-28,15.68687915802002,13.725831031799316,49.90955352783203
2022-07-29,15.633925437927246,14.51648235321045,49.245880126953125
2022-08-01,15.54626178741455,14.316694259643555,48.06679916381836
2022-08-02,15.711861610412598,14.380457878112793,49.5988883972168
2022-08-03,15.824462890625,14.388955116271973,47.671417236328125
2022-08-04,16.208648681640625,14.541986465454102,47.39606857299805
2022-08-05,16.51334571838379,14.822541236877441,48.01031494140625
2022-08-08,16.71868896484375,15.570680618286133,48.41981506347656
2022-08-09,17.15587043762207,15.825728416442871,49.42238998413086
2022-08-10,17.473812103271484,15.7747163772583,49.45769500732422
2022-08-11,17.50031280517578,15.409149169921875,51.18040466308594
2022-08-12,17.712270736694336,16.55343246459961,51.8354606628418
2022-08-15,17.86461639404297,16.558650970458984,50.72151184082031
2022-08-16,18.06995964050293,16.710037231445312,51.85029602050781
2022-08-17,18.116329193115234,17.1015567779541,50.66952133178711
2022-08-18,18.063329696655273,17.44609832763672,50.2907829284668
2022-08-19,17.846620559692383,16.563871383666992,49.726383209228516
2022-08-22,17.645645141601562,16.918851852416992,48.99861526489258
2022-08-23,17.692535400390625,17.45653533935547,52.139923095703125
2022-08-24,17.76622772216797,17.560941696166992,50.46158218383789
2022-08-25,17.9872989654541,17.373010635375977,51.44185256958008
2022-08-26,17.880117416381836,17.560941696166992,50.66952133178711
2022-08-29,17.8198184967041,17.99944305419922,49.68925476074219
2022-08-30,17.73942756652832,16.929290771484375,48.248558044433594
2022-08-31,17.290586471557617,17.34691047668457,47.89952087402344
2022-09-01,17.557161331176758,17.670564651489258,47.44651412963867
2022-09-02,17.79850196838379,17.44609832763672,46.726165771484375
2022-09-05,18.08675765991211,17.404333114624023,48.434207916259766
2022-09-06,17.919166564941406,16.757020950317383,47.28314208984375
2022-09-08,17.79179573059082,16.600414276123047,47.90695571899414
2022-09-09,17.932571411132812,16.59519386291504,51.64979934692383
2022-09-12,18.153793334960938,16.433364868164062,52.1027946472168
2022-09-13,17.966093063354492,16.000085830688477,50.68437194824219
2022-09-14,17.899051666259766,16.24543571472168,49.75608825683594
2022-09-15,17.945980072021484,16.214115142822266,50.758636474609375
2022-09-16,17.885643005371094,16.067949295043945,50.68437194824219
2022-09-19,18.55602264404297,16.323740005493164,52.325584411621094
2022-09-20,19.172771453857422,16.229774475097656,51.575523376464844
2022-09-21,18.971651077270508,16.27153778076172,50.83290481567383
2022-09-22,19.35377311706543,16.67349624633789,51.99882888793945
2022-09-23,18.971651077270508,15.629448890686035,50.92201232910156
2022-09-26,18.562725067138672,15.290130615234375,51.033409118652344
2022-09-27,18.455472946166992,15.48849868774414,50.27593231201172
2022-09-28,18.448762893676758,15.279690742492676,50.75121307373047
2022-09-29,18.723615646362305,15.30057430267334,50.818050384521484
2022-09-30,18.810766220092773,15.556364059448242,53.498931884765625
2022-10-03,19.956256866455078,16.798784255981445,54.95448684692383
2022-10-04,19.98979949951172,16.37594223022461,56.28379440307617
2022-10-05,19.98979949951172,16.991931915283203,57.15266418457031
2022-10-06,19.627565383911133,17.571380615234375,55.86792755126953
2022-10-07,19.667814254760742,17.55571937561035,56.07585525512695
2022-10-10,19.459863662719727,17.35734748840332,54.94706344604492
2022-10-11,19.325708389282227,17.226844787597656,54.57574462890625
2022-10-13,19.2116756439209,17.717548370361328,53.602901458740234
2022-10-14,19.218372344970703,17.44609832763672,51.857730865478516
2022-10-17,19.372661590576172,17.430437088012695,52.674617767333984
2022-10-18,19.848926544189453,17.858495712280273,53.43952941894531
2022-10-19,19.855640411376953,18.490148544311523,52.80829620361328
2022-10-20,20.164201736450195,19.03827667236328,53.48408508300781
2022-10-21,20.834999084472656,19.69080352783203,55.051029205322266
2022-10-24,19.88918113708496,17.879379272460938,53.4172477722168
2022-10-25,19.72818374633789,17.503515243530273,53.4172477722168
2022-10-26,19.305583953857422,17.075458526611328,54.60545349121094
2022-10-27,19.66110610961914,17.205965042114258,52.65977096557617
2022-10-28,19.81538963317871,17.00237274169922,50.09027099609375
2022-10-31,20.392274856567383,15.561583518981934,49.85263442993164
2022-11-01,20.44439697265625,15.587685585021973,51.367591857910156
2022-11-03,20.296733856201172,15.634668350219727,49.86748504638672
2022-11-04,20.370567321777344,14.773324966430664,53.65488815307617
2022-11-07,19.907440185546875,14.172994613647461,53.37269592285156
2022-11-08,19.847036361694336,14.277402877807617,54.99162292480469
2022-11-09,18.89394187927246,14.042489051818848,54.3232536315918
2022-11-10,18.5382137298584,13.635309219360352,55.36293029785156
2022-11-11,17.940860748291016,14.089468955993652,61.11831283569336
2022-11-14,17.887165069580078,14.46010971069336,61.86834716796875
2022-11-16,17.632112503051758,14.172994613647461,61.22227478027344
2022-11-17,17.739500045776367,14.178216934204102,61.71240234375
2022-11-18,17.880455017089844,13.93808650970459,60.02664566040039
2022-11-21,17.93414878845215,13.97984504699707,59.3508415222168
2022-11-22,17.638824462890625,13.029683113098145,59.514225006103516
2022-11-23,17.45760154724121,13.091116905212402,60.100894927978516
2022-11-24,18.08180809020996,13.543497085571289,60.48706817626953
2022-11-25,17.44417953491211,13.325685501098633,60.07862091064453
2022-11-28,17.12872314453125,13.604934692382812,60.37567138671875
2022-11-29,17.276386260986328,14.174596786499023,62.7075309753418
2022-11-30,17.45089340209961,14.889471054077148,63.650665283203125
2022-12-01,17.449312210083008,14.291881561279297,63.99971008300781
2022-12-02,17.684396743774414,14.470597267150879,64.46012878417969
2022-12-05,17.167221069335938,14.308637619018555,64.39329528808594
2022-12-06,17.563495635986328,14.319804191589355,65.32901000976562
2022-12-07,17.43587303161621,14.157841682434082,63.004581451416016
2022-12-08,16.824687957763672,13.839500427246094,63.77690124511719
2022-12-09,16.664535522460938,13.800406455993652,65.90082550048828
2022-12-12,16.507007598876953,13.353609085083008,63.932865142822266
2022-12-13,15.88370418548584,13.024096488952637,64.20262145996094
2022-12-14,15.95219898223877,11.990880966186523,64.74658203125
2022-12-15,16.041240692138672,12.309226036071777,64.9552230834961
2022-12-16,16.219324111938477,12.314809799194336,63.844932556152344
2022-12-19,16.70562744140625,12.499112129211426,63.61394500732422
2022-12-20,16.883712768554688,12.884474754333496,63.8970947265625
2022-12-21,16.95220184326172,13.16372299194336,64.2622299194336
2022-12-22,16.9864559173584,13.39829158782959,63.8970947265625
2022-12-23,17.25358009338379,14.029387474060059,64.32183837890625
2022-12-26,16.911108016967773,13.928858757019043,64.9105224609375
2022-12-27,16.815217971801758,14.0238037109375,66.46043395996094
2022-12-28,17.15768814086914,13.850668907165527,66.3114013671875
2022-12-29,17.12343978881836,13.683122634887695,66.22943878173828
2023-01-02,16.78597068786621,12.800699234008789,66.6169204711914
2023-01-03,16.436410903930664,12.476774215698242,66.49769592285156
2023-01-04,16.48439598083496,12.873305320739746,66.6169204711914
2023-01-05,16.998456954956055,13.336854934692383,67.73465728759766
2023-01-06,17.29318618774414,13.258665084838867,68.80767822265625
2023-01-09,17.416563034057617,13.331271171569824,68.88219451904297
2023-01-10,17.75242042541504,13.454136848449707,69.73167419433594
2023-01-11,18.06085777282715,13.56025505065918,69.48577117919922
2023-01-12,17.8072566986084,13.755724906921387,69.85089111328125
2023-01-13,17.718143463134766,13.72221851348877,69.91050720214844
2023-01-16,17.5262393951416,13.426213264465332,68.74061584472656
2023-01-17,17.889503479003906,14.252787590026855,68.65119171142578
2023-01-18,18.211645126342773,14.001463890075684,69.5528335571289
2023-01-19,18.211645126342773,14.459431648254395,69.85089111328125
2023-01-20,17.889503479003906,14.727506637573242,70.03718566894531
2023-01-23,17.34116554260254,14.96207332611084,70.2681884765625
2023-01-24,17.498807907104492,14.855960845947266,71.01334381103516
2023-01-25,17.56049156188965,15.045848846435547,71.68397521972656
2023-01-26,17.457691192626953,14.66048812866211,73.0252685546875
2023-01-27,17.087560653686523,14.308637619018555,71.02822875976562
2023-01-30,17.09442138671875,14.381240844726562,70.77488708496094
2023-01-31,17.361726760864258,14.559957504272461,70.42467498779297
2023-02-01,17.133769989013672,14.358902931213379,69.64225769042969
2023-02-02,17.29153060913086,13.694292068481445,66.42317962646484
2023-02-03,17.22979164123535,13.845086097717285,66.28160858154297
2023-02-06,17.236658096313477,14.397997856140137,65.45447540283203
2023-02-07,16.838830947875977,14.308637619018555,65.88666534423828
2023-02-08,18.2312068939209,14.548789024353027,66.11022186279297
2023-02-09,17.778512954711914,14.481771469116211,65.86431121826172
2023-02-10,17.696208953857422,14.922981262207031,64.67951965332031
2023-02-13,18.320371627807617,14.967658042907715,64.61245727539062
2023-02-14,18.094026565551758,14.911811828613281,64.90306854248047
2023-02-15,18.361526489257812,14.934149742126465,66.31885528564453
2023-02-16,18.498706817626953,14.995584487915039,66.46043395996094
2023-02-17,18.43698501586914,14.766600608825684,65.5960693359375
2023-02-22,18.094026565551758,14.386823654174805,65.09680938720703
2023-02-23,18.162614822387695,14.828034400939941,64.79129028320312
2023-02-24,17.6070499420166,14.465015411376953,63.36805725097656
2023-02-27,17.380699157714844,14.60463809967041,63.36805725097656
2023-02-28,17.442420959472656,14.096406936645508,63.57667922973633
2023-03-01,17.159395217895508,14.129918098449707,66.4678955078125
2023-03-02,16.596569061279297,13.761307716369629,66.31885528564453
2023-03-03,16.61716651916504,14.353314399719238,66.54240417480469
2023-03-06,16.994665145874023,14.498525619506836,64.19515991210938
2023-03-07,17.042713165283203,14.018218040466309,63.584144592285156
2023-03-08,17.255495071411133,14.196938514709473,64.16535186767578
2023-03-09,16.926025390625,14.135501861572266,63.32332992553711
2023-03-10,16.521068572998047,13.951200485229492,63.11468505859375
2023-03-13,16.322021484375,13.509986877441406,63.3754997253418
2023-03-14,16.267105102539062,13.269835472106934,63.95246887207031
2023-03-15,16.22592544555664,13.03526782989502,62.02581024169922
2023-03-16,16.49361801147461,12.990588188171387,62.254276275634766
2023-03-17,16.02001190185547,13.130212783813477,63.00056838989258
2023-03-20,16.06119728088379,12.806285858154297,63.51838302612305
2023-03-21,16.390661239624023,13.068775177001953,62.98531723022461
2023-03-22,16.294565200805664,13.029683113098145,62.200965881347656
2023-03-23,15.889604568481445,12.733678817749023,60.60177230834961
2023-03-24,16.12009048461914,12.728096008300781,59.90878677368164
2023-03-27,16.397781372070312,12.94590950012207,59.80978012084961
2023-03-28,16.474143981933594,13.174890518188477,60.44185256958008
2023-03-29,16.633817672729492,13.34802532196045,61.30998611450195
2023-03-30,17.092010498046875,13.38711929321289,62.30756759643555
2023-03-31,17.175315856933594,13.096702575683594,61.142452239990234
2023-04-03,16.69432258605957,13.677538871765137,61.157676696777344
2023-04-04,17.02779769897461,13.554669380187988,59.42902374267578
2023-04-05,17.013900756835938,13.599347114562988,58.55327224731445
2023-04-06,16.958314895629883,13.403874397277832,58.44667053222656
2023-04-10,17.138952255249023,13.688705444335938,59.57371520996094
2023-04-11,17.69473648071289,14.330975532531738,62.71879577636719
2023-04-12,17.812835693359375,14.437088966369629,61.378517150878906
2023-04-13,17.812835693359375,14.537617683410645,60.548465728759766
2023-04-14,18.069887161254883,14.688411712646484,60.01539993286133
2023-04-17,18.03514862060547,14.917398452758789,59.299564361572266
2023-04-18,18.021249771118164,15.297172546386719,59.80978012084961
2023-04-19,17.73641014099121,14.805696487426758,58.0659065246582
2023-04-20,17.785049438476562,14.90622615814209,56.8550910949707
2023-04-24,17.625267028808594,15.191060066223145,54.79899215698242
2023-04-25,17.785049438476562,15.12962532043457,53.30641174316406
2023-04-26,17.604415893554688,14.939736366271973,53.51201629638672
2023-04-27,17.917051315307617,14.576711654663086,54.646690368652344
2023-04-28,18.007362365722656,14.910250663757324,55.134056091308594
2023-05-02,17.310529708862305,14.306291580200195,52.956111907958984
2023-05-03,17.28272247314453,14.255962371826172,52.544883728027344
2023-05-04,17.421754837036133,14.48244857788086,50.91523742675781
2023-05-05,18.068300247192383,15.098987579345703,52.575347900390625
2023-05-08,18.318571090698242,15.419840812683105,53.283565521240234
2023-05-09,18.429800033569336,15.470172882080078,53.83186340332031
2023-05-10,18.7009334564209,15.432425498962402,52.81903076171875
2023-05-11,18.881685256958008,15.998637199401855,51.79098129272461
2023-05-12,18.7078800201416,16.514522552490234,51.84428787231445
2023-05-15,18.77740478515625,16.14333724975586,52.590579986572266
2023-05-16,18.714841842651367,16.545974731445312,51.509220123291016
2023-05-17,18.902538299560547,16.14333724975586,53.21502685546875
2023-05-18,18.833017349243164,16.237703323364258,53.291175842285156
2023-05-19,18.680076599121094,16.212539672851562,52.70480728149414
2023-05-22,18.32552146911621,16.11817169189453,51.85951232910156
2023-05-23,18.471511840820312,16.514522552490234,50.68677520751953
2023-05-24,18.367231369018555,16.766170501708984,49.53688430786133
2023-05-25,18.944252014160156,16.640344619750977,49.38458251953125
2023-05-26,18.798263549804688,16.860538482666016,50.511634826660156
2023-05-29,18.714841842651367,16.791332244873047,50.13086700439453
2023-05-30,18.45066261291504,16.602596282958984,48.95050811767578
2023-05-31,18.304672241210938,16.43273162841797,48.59259796142578
2023-06-01,18.574342727661133,16.961198806762695,49.62065124511719
2023-06-02,18.845653533935547,17.099607467651367,51.73767852783203
2023-06-05,18.887392044067383,17.28205108642578,51.31122970581055
2023-06-06,19.01956558227539,17.646942138671875,51.478759765625
2023-06-07,19.07522201538086,18.162824630737305,52.293582916259766
2023-06-09,19.339582443237305,19.049894332885742,52.057518005371094
2023-06-12,19.130874633789062,19.38332748413086,51.11323547363281
2023-06-13,19.346538543701172,19.345504760742188,51.653907775878906
2023-06-14,19.610885620117188,20.17670440673828,52.56011199951172
2023-06-15,19.868284225463867,19.700773239135742,52.97132873535156
2023-06-16,19.930898666381836,19.86835289001465,53.05510330200195
2023-06-19,20.20220947265625,20.391210556030273,52.849491119384766
2023-06-20,20.192584991455078,20.491756439208984,51.48638153076172
2023-06-21,20.389175415039062,21.34977149963379,50.96854019165039
2023-06-22,20.192584991455078,21.081640243530273,50.69438934326172
2023-06-23,20.129396438598633,20.21692657470703,50.18417739868164
2023-06-26,20.10131072998047,20.672744750976562,50.29078674316406
2023-06-27,19.87663459777832,20.51186752319336,50.89238739013672
2023-06-28,19.764299392700195,20.706260681152344,49.285587310791016
2023-06-29,20.003023147583008,20.800106048583984,49.887184143066406
2023-06-30,19.953876495361328,19.79462242126465,48.904823303222656
2023-07-03,20.345640182495117,20.163297653198242,50.43547821044922
2023-07-04,20.219181060791016,20.21021842956543,50.18417739868164
2023-07-05,20.39481544494629,20.183406829833984,49.74249267578125
2023-07-06,20.092729568481445,19.875059127807617,49.38458251953125
2023-07-07,20.47209930419922,19.77450942993164,49.84910583496094
2023-07-10,20.33861541748047,19.808027267456055,49.087581634521484
2023-07-11,19.980318069458008,19.539899826049805,50.70200729370117
2023-07-12,19.860891342163086,19.55330467224121,51.0599250793457
2023-07-13,20.07867431640625,19.861652374267578,52.24789047241211
2023-07-14,19.867910385131836,19.47286605834961,52.24789047241211
2023-07-17,20.25430679321289,19.432649612426758,51.66913604736328
2023-07-18,19.860891342163086,19.325393676757812,51.3416862487793
2023-07-19,19.650123596191406,19.506383895874023,51.20460891723633
2023-07-20,20.01544952392578,19.526491165161133,51.31884002685547
2023-07-21,20.373750686645508,19.895170211791992,51.63106155395508
2023-07-24,20.05057716369629,20.310768127441406,53.19217300415039
2023-07-25,20.092729568481445,20.77999496459961,54.837059020996094
2023-07-26,20.20513343811035,20.77999496459961,54.646690368652344
2023-07-27,19.7554988861084,19.700773239135742,53.62623977661133
2023-07-28,20.05057716369629,19.948795318603516,51.5015983581543
2023-07-31,20.12082862854004,20.85373306274414,52.666725158691406
2023-08-01,20.18244171142578,20.51186752319336,51.935665130615234
2023-08-02,20.119176864624023,20.464942932128906,51.09037780761719
2023-08-03,19.96451759338379,20.726367950439453,51.41022491455078
2023-08-04,19.598974227905273,20.109670639038086,51.448299407958984
2023-08-07,19.444316864013672,20.23703384399414,51.70721435546875
2023-08-08,19.40213394165039,20.25714111328125,51.37214279174805
2023-08-09,19.33184242248535,20.418020248413086,50.90761184692383
2023-08-10,19.395105361938477,20.531978607177734,50.30601501464844
2023-08-11,19.43025779724121,20.48505401611328,49.887184143066406
2023-08-14,19.149066925048828,20.538677215576172,48.5601921081543
2023-08-15,19.043621063232422,20.68614959716797,48.08164596557617
2023-08-16,19.029563903808594,21.1419677734375,47.893367767333984
2023-08-17,18.804607391357422,21.074935913085938,48.56803512573242
2023-08-18,18.952239990234375,21.128564834594727,48.0267333984375
2023-08-21,18.874910354614258,20.98109245300293,48.0894889831543
2023-08-22,19.170154571533203,21.300708770751953,49.09364700317383
2023-08-23,19.409170150756836,22.434986114501953,49.45450973510742
2023-08-24,19.184213638305664,22.400192260742188,48.795536041259766
2023-08-25,18.881935119628906,22.24709701538086,48.69355392456055
2023-08-28,19.52164649963379,22.49761390686035,49.391754150390625
2023-08-29,19.830957412719727,22.546323776245117,50.96858596801758
2023-08-30,19.45134925842285,22.69941520690918,50.97643280029297
2023-08-31,19.282634735107422,22.22622299194336,51.05488204956055
2023-09-01,19.44980812072754,22.706377029418945,54.043800354003906
2023-09-04,19.273942947387695,22.469778060913086,54.44389343261719
2023-09-05,18.98554039001465,23.221323013305664,54.20854949951172
2023-09-06,18.80264663696289,23.32570457458496,53.3377571105957
2023-09-08,18.830785751342773,23.242198944091797,52.33361053466797
2023-09-11,19.309120178222656,23.221323013305664,53.08671188354492
2023-09-12,19.421667098999023,23.33266258239746,53.04750061035156
2023-09-13,19.5201416015625,22.984724044799805,52.84352493286133
2023-09-14,19.442771911621094,23.569259643554688,55.008731842041016
2023-09-15,19.400558471679688,23.583175659179688,54.55373001098633
2023-09-18,19.35132598876953,23.750185012817383,53.910438537597656
2023-09-19,19.29399871826172,23.805858612060547,54.012420654296875
2023-09-20,19.620769500732422,23.86152458190918,54.373291015625
2023-09-21,19.173229217529297,23.492713928222656,52.95335388183594
2023-09-22,19.123502731323242,23.680599212646484,53.345603942871094
2023-09-25,19.18033218383789,23.83369255065918,52.24730682373047
2023-09-26,18.89618492126465,23.283952713012695,51.431434631347656
2023-09-27,18.86066436767578,24.021575927734375,51.541259765625
2023-09-28,19.357929229736328,23.97286605834961,52.32575988769531
2023-09-29,19.32952308654785,24.105083465576172,53.016117095947266
2023-10-02,19.150129318237305,23.74322509765625,52.553260803222656
2023-10-03,18.908451080322266,23.63884735107422,52.23162078857422
2023-10-04,19.342069625854492,22.69941520690918,51.67463684082031
2023-10-05,19.647722244262695,22.775962829589844,51.69816970825195
2023-10-06,19.83254623413086,23.318742752075195,52.4512825012207
2023-10-09,19.66193962097168,24.3208065032959,52.0747184753418
2023-10-10,19.640615463256836,24.501728057861328,52.388519287109375
2023-10-11,19.8894100189209,24.439102172851562,52.84352493286133
2023-10-13,19.683265686035156,25.246315002441406,52.239463806152344
2023-10-16,19.711692810058594,25.52466583251953,52.79646301269531
2023-10-17,19.420251846313477,26.213579177856445,53.227928161621094
2023-10-18,19.015071868896484,26.805072784423828,51.274539947509766
2023-10-19,19.235441207885742,26.679813385009766,50.537113189697266
2023-10-20,19.164352416992188,26.338834762573242,49.17209243774414
2023-10-23,19.1856746673584,24.599153518676758,49.07796096801758
2023-10-24,19.1856746673584,24.967967987060547,50.19978332519531
2023-10-25,19.221220016479492,25.100181579589844,50.15271759033203
2023-10-26,19.69748306274414,24.84271240234375,51.22747802734375
2023-10-27,19.40604019165039,24.661785125732422,53.00826644897461
2023-10-30,19.249649047851562,24.411270141601562,53.486812591552734
2023-10-31,19.064830780029297,24.174671173095703,54.13009262084961
2023-11-01,19.33345603942871,24.439102172851562,55.165626525878906
2023-11-03,19.866943359375,24.731369018554688,55.855987548828125
2023-11-06,20.051883697509766,24.710493087768555,56.09133529663086
2023-11-07,20.613821029663086,24.299928665161133,54.97734451293945
2023-11-08,20.706289291381836,23.77802085876465,55.016578674316406
2023-11-09,20.798765182495117,24.272092819213867,55.283302307128906
2023-11-10,21.0477237701416,24.160755157470703,56.130558013916016
2023-11-13,20.905454635620117,24.835752487182617,56.012882232666016
2023-11-14,21.218433380126953,25.176729202270508,57.746620178222656
2023-11-16,21.559864044189453,24.738325119018555,58.13100814819336
2023-11-17,21.65944480895996,25.545541763305664,58.2408447265625
2023-11-20,21.872848510742188,25.56641960144043,59.66862106323242
2023-11-21,21.837282180786133,25.301984786987305,61.11210250854492
2023-11-22,21.972429275512695,25.425823211669922,60.53117370605469
2023-11-23,21.943973541259766,25.433055877685547,60.15108108520508
2023-11-24,21.82305145263672,25.50537109375,59.641605377197266
2023-11-27,21.766145706176758,25.360740661621094,59.28577423095703
2023-11-28,21.97954559326172,25.74400520324707,59.415164947509766
2023-11-29,22.1289119720459,25.4764461517334,59.39899826049805
2023-11-30,22.470348358154297,25.968185424804688,59.72248077392578
2023-12-01,22.418851852416992,25.79463005065918,60.83039474487305
2023-12-04,22.44731903076172,25.245037078857422,59.46369552612305
2023-12-05,22.63236427307129,25.129335403442383,58.91377639770508
2023-12-06,22.433082580566406,24.225400924682617,58.525611877441406
2023-12-07,22.682178497314453,24.16754913330078,58.71160125732422
2023-12-08,22.96910858154297,24.941314697265625,58.87333679199219
2023-12-11,22.811294555664062,24.847307205200195,58.9218635559082
2023-12-12,22.696523666381836,24.64483070373535,59.02699279785156
2023-12-13,23.385164260864258,24.999168395996094,59.03507995605469
2023-12-14,23.57883644104004,25.541526794433594,59.35856628417969
2023-12-15,23.478422164916992,25.599380493164062,59.73056411743164
2023-12-18,23.59319496154785,25.917564392089844,60.013607025146484
2023-12-19,23.6075382232666,26.214054107666016,60.43412780761719
2023-12-20,23.3636474609375,26.308061599731445,60.240047454833984
2023-12-21,23.521465301513672,26.315290451049805,62.2456169128418
2023-12-22,23.894474029541016,26.568397521972656,61.776573181152344
2023-12-26,24.138368606567383,26.995052337646484,61.99492645263672
2023-12-27,24.303348541259766,27.016746520996094,62.59335708618164
2023-12-28,24.367918014526367,26.929967880249023,62.431610107421875
2024-01-02,24.0576114654541,27.320463180541992,62.3103141784668
2024-01-03,23.79206085205078,28.173782348632812,61.98683547973633
2024-01-04,23.63416862487793,27.93514060974121,61.15388107299805
2024-01-05,24.18680191040039,28.000225067138672,60.36943817138672
2024-01-08,23.928424835205078,27.790510177612305,60.0621337890625
2024-01-09,23.914072036743164,27.55187225341797,59.30195999145508
2024-01-10,23.892545700073242,27.29877471923828,58.412384033203125
2024-01-11,23.93560028076172,27.530179977416992,58.719688415527344
2024-01-12,23.964313507080078,27.602495193481445,57.975685119628906
2024-01-15,24.007375717163086,27.898984909057617,57.862464904785156
2024-01-16,23.670053482055664,27.55187225341797,57.110382080078125
2024-01-17,23.684412002563477,27.392780303955078,56.08332824707031
2024-01-18,23.58392333984375,27.28430938720703,55.80027770996094
2024-01-19,23.64134407043457,27.139680862426758,55.072452545166016
2024-01-22,23.2537784576416,27.262615203857422,54.8298454284668
2024-01-23,23.36143684387207,27.602495193481445,55.96202087402344
2024-01-24,23.2537784576416,27.392780303955078,56.52811050415039
2024-01-25,23.203536987304688,28.405183792114258,55.137149810791016
2024-01-26,23.54803466796875,28.89692497253418,56.204627990722656
2024-01-29,23.42603302001953,29.338045120239258,55.9377555847168
2024-01-30,23.275314331054688,29.157258987426758,55.62236785888672
2024-01-31,23.526508331298828,29.475439071655273,54.79749298095703
2024-02-01,23.47455596923828,30.06119155883789,54.54679870605469
2024-02-02,23.51045799255371,29.67069435119629,53.438880920410156
2024-02-05,23.955678939819336,29.800857543945312,52.97792053222656
2024-02-06,24.98255729675293,30.07565689086914,53.916011810302734
2024-02-07,24.803028106689453,30.516775131225586,54.021141052246094
2024-02-08,24.314729690551758,30.270906448364258,53.544010162353516
2024-02-09,24.623512268066406,29.865943908691406,53.309486389160156
2024-02-14,24.623512268066406,29.641769409179688,53.14775085449219
2024-02-15,24.831754684448242,30.58908462524414,52.97792053222656
2024-02-16,24.803028106689453,30.87111473083496,54.991580963134766
2024-02-19,25.07590675354004,31.02297592163086,54.57914352416992
2024-02-20,25.621660232543945,30.697561264038086,53.38227462768555
2024-02-21,25.478044509887695,30.740943908691406,53.78661346435547
2024-02-22,25.333520889282227,30.50953483581543,54.36079788208008
2024-02-23,25.407682418823242,30.299835205078125,54.49018859863281
2024-02-26,25.481840133666992,30.87111473083496,53.1720085144043
2024-02-27,25.793323516845703,30.827730178833008,54.57106399536133
2024-02-28,25.808155059814453,29.236804962158203,53.972618103027344
2024-02-29,25.17036247253418,29.027090072631836,54.17478942871094
2024-03-01,25.279924392700195,29.0560245513916,54.085838317871094
2024-03-04,25.086999893188477,28.983705520629883,53.964534759521484
2024-03-05,25.06474494934082,28.89692497253418,53.252872467041016
2024-03-06,25.33928108215332,29.533296585083008,53.980709075927734
2024-03-07,25.072158813476562,29.207883834838867,53.79470443725586
2024-03-08,25.30217933654785,26.53946876525879,53.38227462768555
2024-03-11,25.428319931030273,25.780166625976562,51.72443771362305
2024-03-12,25.532203674316406,26.62624740600586,51.402156829833984
2024-03-13,25.78447723388672,26.308061599731445,51.73165512084961
2024-03-14,25.76963996887207,26.192363739013672,51.07265853881836
2024-03-15,25.628662109375,26.264673233032227,50.489688873291016
2024-03-18,25.732540130615234,26.279136657714844,51.45285415649414
2024-03-19,25.76963996887207,26.083885192871094,51.87528991699219
2024-03-20,25.821582794189453,26.53946876525879,52.2216911315918
2024-03-21,25.554462432861328,25.816326141357422,52.09495544433594
2024-03-22,25.197126388549805,26.069421768188477,51.495094299316406
2024-03-25,25.197126388549805,26.467151641845703,51.38526153564453
2024-03-26,25.697782516479492,26.221282958984375,50.734703063964844
2024-03-27,25.839763641357422,26.43099594116211,51.19938659667969
2024-03-28,25.88459587097168,27.016746520996094,51.39371109008789
2024-04-01,25.00063705444336,27.226459503173828,51.723209381103516
2024-04-02,25.030540466308594,27.927907943725586,52.331520080566406
2024-04-03,24.84363555908203,27.783279418945312,51.57958221435547
2024-04-04,24.514686584472656,27.46509552001953,51.005062103271484
2024-04-05,24.469825744628906,27.55187225341797,50.447444915771484
2024-04-08,24.83615493774414,27.93514060974121,53.20174026489258
2024-04-09,25.09782600402832,28.007450103759766,52.846893310546875
2024-04-10,24.56700897216797,28.62936019897461,52.04426193237305
2024-04-11,24.52216148376465,28.419645309448242,52.2639274597168
2024-04-12,24.26796531677246,28.159311294555664,52.069610595703125
2024-04-15,23.856765747070312,28.42688751220703,52.37376022338867
2024-04-16,23.677335739135742,28.55704689025879,51.909080505371094
2024-04-17,23.69228744506836,28.766761779785156,52.47514724731445
2024-04-18,23.722198486328125,28.817378997802734,52.66946792602539
2024-04-19,23.58761978149414,29.30912208557129,53.5312385559082
2024-04-22,23.572673797607422,30.010570526123047,53.505897521972656
2024-04-23,23.924053192138672,29.952720642089844,53.04121398925781
2024-04-24,23.81939125061035,29.815319061279297,53.70021057128906
2024-04-25,23.684812545776367,30.531240463256836,52.568084716796875
2024-04-26,24.0810546875,30.962421417236328,52.568084716796875
2024-04-29,23.894145965576172,31.334125518798828,53.98747253417969
2024-04-30,23.445566177368164,31.23748016357422,53.47209930419922
2024-05-02,23.78791046142578,31.35643196105957,54.004371643066406
2024-05-03,24.087135314941406,30.957536697387695,54.06351089477539
2024-05-06,24.236743927001953,31.167078018188477,54.224037170410156
2024-05-07,24.73793601989746,31.5473575592041,54.561981201171875
2024-05-08,24.895023345947266,32.02851867675781,54.06351089477539
2024-05-09,24.1469783782959,32.33894729614258,54.502845764160156
2024-05-10,24.423757553100586,32.26910400390625,54.31697082519531
2024-05-13,24.722972869873047,32.300140380859375,54.638023376464844
2024-05-14,24.992271423339844,31.718090057373047,54.60422134399414
2024-05-15,24.924949645996094,29.801189422607422,54.44371032714844
2024-05-16,24.850143432617188,28.931991577148438,54.84080123901367
2024-05-17,24.857624053955078,28.474103927612305,55.913787841796875
2024-05-20,24.782814025878906,28.520668029785156,55.8884391784668
2024-05-21,24.655649185180664,28.466350555419922,55.727909088134766
2024-05-22,24.274150848388672,28.85438346862793,55.288578033447266
2024-05-23,24.05721664428711,28.567235946655273,54.959075927734375
2024-05-24,23.825319290161133,28.41202163696289,54.98442840576172
2024-05-27,23.743030548095703,28.72244644165039,55.17030715942383
2024-05-28,23.615869522094727,29.33554458618164,53.97902297973633
2024-05-29,23.451297760009766,29.29674530029297,53.42985534667969
2024-05-31,23.211917877197266,30.103857040405273,53.39605712890625
2024-06-03,23.539487838745117,29.94089126586914,52.272377014160156
2024-06-04,23.621826171875,29.607173919677734,51.740108489990234
2024-06-05,23.57691764831543,29.645978927612305,51.005062103271484
2024-06-06,23.876306533813477,29.78567123413086,51.714759826660156
2024-06-07,23.539487838745117,28.668127059936523,51.038856506347656
2024-06-10,23.352367401123047,29.102725982666016,51.59647750854492
2024-06-11,23.614334106445312,29.226900100708008,51.52043914794922
2024-06-12,23.57691764831543,28.590938568115234,50.81074523925781
2024-06-13,23.329917907714844,28.303592681884766,51.39371109008789
2024-06-14,23.30746841430664,27.681011199951172,51.216278076171875
2024-06-17,23.876306533813477,27.784774780273438,51.01351547241211
2024-06-18,23.8613338470459,28.65479278564453,51.25008010864258
2024-06-19,24.04844856262207,28.67873764038086,51.410606384277344
2024-06-20,23.883787155151367,29.133705139160156,51.87528991699219
2024-06-21,24.050512313842773,29.285356521606445,51.39371109008789
2024-06-24,24.397541046142578,29.580684661865234,51.45285415649414
2024-06-25,24.47298240661621,29.556737899780273,51.24163055419922
2024-06-26,24.427719116210938,29.604633331298828,51.87528991699219
2024-06-27,24.47298240661621,30.099504470825195,52.01047134399414
2024-06-28,24.450353622436523,30.370891571044922,52.568084716796875
2024-07-01,24.335351943969727,30.833839416503906,53.345367431640625
2024-07-02,24.652381896972656,30.738048553466797,53.167938232421875
2024-07-03,24.80333709716797,30.20326805114746,54.224037170410156
2024-07-04,24.841079711914062,29.78821563720703,53.953678131103516
2024-07-05,24.856176376342773,29.94784927368164,53.734012603759766
2024-07-08,24.81089210510254,30.68217658996582,53.31157302856445
2024-07-09,24.9844970703125,30.67420196533203,53.243988037109375
2024-07-10,25.24868392944336,30.386852264404297,52.525840759277344
2024-07-11,25.399642944335938,30.59438133239746,52.39065933227539
2024-07-12,25.256229400634766,30.450706481933594,53.15949249267578
2024-07-15,25.354352951049805,30.730064392089844,53.2186393737793
2024-07-16,25.505319595336914,30.650253295898438,52.6610221862793
2024-07-17,25.784605026245117,30.809886932373047,52.170989990234375
2024-07-18,25.66383171081543,30.754016876220703,51.680965423583984
2024-07-19,25.86008644104004,30.881729125976562,51.63871765136719
2024-07-22,25.84499168395996,30.267122268676758,51.57958221435547
2024-07-23,25.807249069213867,29.876014709472656,50.886783599853516
2024-07-24,25.769508361816406,30.115468978881836,51.19938659667969
2024-07-25,25.656286239624023,30.075557708740234,51.17403793334961
2024-07-26,25.84499168395996,30.04363250732422,51.93442916870117
2024-07-29,26.03369140625,29.4370174407959,52.02736282348633
2024-07-30,25.93556785583496,29.253435134887695,50.87833786010742
2024-07-31,25.573251724243164,29.86005210876465,52.069610595703125
2024-08-01,25.201431274414062,29.40508460998535,50.9036750793457
2024-08-02,24.884233474731445,28.51910400390625,50.19398498535156
2024-08-05,24.884233474731445,28.495159149169922,49.93458938598633
2024-08-06,25.4355411529541,28.99003028869629,50.188560485839844
2024-08-07,25.503509521484375,28.95012092590332,50.09223175048828
2024-08-08,25.412885665893555,29.413070678710938,49.78571319580078
2024-08-09,26.100130081176758,29.141681671142578,49.96962356567383
2024-08-12,26.137880325317383,29.80417823791504,49.71565628051758
2024-08-13,26.877994537353516,29.620595932006836,49.49672317504883
2024-08-14,27.542585372924805,30.139413833618164,49.04133605957031
2024-08-15,27.980609893798828,30.602359771728516,49.242759704589844
2024-08-16,27.746488571166992,30.730064392089844,49.11140060424805
2024-08-19,27.912643432617188,30.68217658996582,49.89956283569336
2024-08-20,28.116544723510742,30.562456130981445,50.09223175048828
2024-08-21,28.003257751464844,30.378870010375977,51.0555419921875
2024-08-22,27.746488571166992,30.4718017578125,51.1255989074707
2024-08-23,27.5350284576416,30.282991409301758,50.26737594604492
2024-08-26,27.595443725585938,32.483001708984375,50.83660125732422
2024-08-27,27.62565803527832,32.04792022705078,52.369144439697266
2024-08-28,28.222274780273438,32.50762939453125,51.992576599121094
2024-08-29,27.912643432617188,32.285987854003906,51.9312744140625
2024-08-30,27.71628761291504,32.318817138671875,52.176483154296875
2024-09-02,27.49538803100586,32.01508712768555,51.440860748291016
2024-09-03,27.941177368164062,31.62926483154297,49.52299499511719
2024-09-04,28.13762855529785,31.63747215270996,49.908321380615234
2024-09-05,28.318967819213867,31.440462112426758,50.26737594604492
2024-09-06,27.918508529663086,30.824783325195312,49.636844635009766
2024-09-09,28.190519332885742,31.16135597229004,49.636844635009766
2024-09-10,28.190519332885742,30.64418601989746,49.04133605957031
2024-09-11,28.2434139251709,30.61134910583496,50.43376159667969
2024-09-12,27.933626174926758,30.266569137573242,50.88914489746094
2024-09-13,27.963842391967773,30.127017974853516,51.23068618774414
2024-09-16,27.956289291381836,30.54567527770996,51.23068618774414
2024-09-17,27.888290405273438,30.406126022338867,50.98548126220703
2024-09-18,27.729618072509766,29.67552375793457,50.389976501464844
2024-09-19,27.654064178466797,29.774030685424805,50.99423599243164
2024-09-20,27.351829528808594,29.765823364257812,50.22358703613281
2024-09-23,27.191970825195312,30.069557189941406,50.38121795654297
2024-09-24,27.184354782104492,30.19268798828125,52.842044830322266
2024-09-25,27.52691650390625,30.41432762145996,53.0784912109375
2024-09-26,27.877090454101562,29.757610321044922,56.26617431640625
2024-09-27,27.983673095703125,29.642683029174805,56.0122184753418
2024-09-30,27.48885154724121,29.56059455871582,55.618133544921875
2024-10-01,27.037702560424805,30.348665237426758,55.889610290527344
2024-10-02,27.205265045166016,30.767322540283203,56.19611740112305
2024-10-03,26.535032272338867,31.14493179321289,55.118961334228516
2024-10-04,26.588342666625977,31.06284523010254,54.716121673583984
2024-10-07,26.763519287109375,31.4979190826416,55.197776794433594
2024-10-08,26.9234561920166,30.86582374572754,53.525115966796875
2024-10-09,26.428407669067383,30.55388641357422,53.3849983215332
2024-10-10,26.573118209838867,30.90687370300293,53.63896179199219
2024-10-11,26.37509536743164,30.882247924804688,54.40961456298828
2024-10-14,26.54265022277832,30.956130981445312,54.234466552734375
2024-10-15,26.8472957611084,30.70165252685547,53.568904876708984
2024-10-16,26.687355041503906,30.54567527770996,54.59352111816406
2024-10-17,26.74066925048828,30.315828323364258,53.2098503112793
2024-10-18,26.870147705078125,30.233739852905273,53.02594757080078
2024-10-21,26.73305320739746,29.757610321044922,52.83328628540039
2024-10-22,26.77875328063965,29.642683029174805,52.90333938598633
2024-10-23,26.946308135986328,29.273283004760742,51.97506332397461
2024-10-24,27.19002914428711,29.470300674438477,52.28157043457031
2024-10-25,26.885379791259766,29.67552375793457,54.0593147277832
2024-10-28,27.212881088256836,29.626270294189453,55.0664176940918
2024-10-29,26.9234561920166,29.56059455871582,54.87376022338867
2024-10-30,26.8472957611084,29.429250717163086,54.707366943359375
2024-10-31,26.672122955322266,29.47850799560547,54.34831619262695
2024-11-01,26.525550842285156,29.076265335083008,54.32204055786133
2024-11-04,26.883699417114258,29.141939163208008,54.882511138916016
2024-11-05,27.691421508789062,29.051639556884766,54.400856018066406
2024-11-06,27.5618839263916,29.05985450744629,53.787837982177734
2024-11-07,27.158016204833984,29.150144577026367,55.66191864013672
2024-11-08,26.73129653930664,29.70015525817871,53.096004486083984
2024-11-11,26.76177406311035,29.757610321044922,51.3620491027832
2024-11-12,26.44173240661621,30.315828323364258,50.19731140136719
2024-11-13,26.304567337036133,30.274784088134766,50.057193756103516
2024-11-14,26.22836685180664,30.594934463500977,49.77695846557617
2024-11-18,26.136930465698242,31.358367919921875,50.39873504638672
2024-11-19,26.373149871826172,31.030012130737305,50.51258087158203
2024-11-21,25.915952682495117,31.12030792236328,50.46003723144531
2024-11-22,25.99214744567871,32.359867095947266,50.9504508972168
2024-11-25,25.984529495239258,32.1628532409668,50.94169235229492
2024-11-26,26.47983169555664,32.12180709838867,50.293643951416016
2024-11-27,25.83212661743164,32.00688171386719,50.90666198730469
2024-11-28,24.902477264404297,31.67852210998535,50.38121795654297
2024-11-29,24.841510772705078,31.93299674987793,51.475894927978516
2024-12-02,24.48900604248047,32.13822937011719,51.59849166870117
2024-12-03,24.763479232788086,32.425537109375,51.20441436767578
2024-12-04,24.915964126586914,32.22031021118164,50.20606994628906
2024-12-05,25.449655532836914,32.54045867919922,50.61766815185547
2024-12-06,24.93120765686035,32.03971862792969,49.75069046020508
2024-12-09,25.053199768066406,32.86882400512695,52.395416259765625
2024-12-10,25.392295837402344,32.99195861816406,52.342872619628906
2024-12-11,25.638599395751953,33.320316314697266,51.5284309387207
2024-12-12,24.9997501373291,32.72433853149414,50.106380462646484
2024-12-13,24.676477432250977,32.519493103027344,49.35536193847656
2024-12-16,24.40707778930664,32.3829231262207,49.328857421875
2024-12-17,24.537933349609375,32.69020080566406,49.57624816894531
2024-12-18,23.837505340576172,31.84520149230957,48.42762756347656
2024-12-19,23.96835708618164,31.71717071533203,47.508731842041016
2024-12-20,24.24544906616211,31.452579498291016,48.25975036621094
2024-12-23,23.775930404663086,31.461111068725586,48.46296691894531
2024-12-26,23.929868698120117,31.697612762451172,48.604339599609375
2024-12-27,23.691268920898438,31.600139617919922,48.36577606201172
2024-12-30,23.652780532836914,32.069793701171875,48.19790267944336
2025-01-02,23.543149948120117,32.583770751953125,47.932838439941406
2025-01-03,22.965545654296875,32.23817443847656,47.04044723510742
2025-01-06,23.997529983520508,32.0875244140625,46.43962860107422
2025-01-07,24.259380340576172,32.769859313964844,45.989017486572266
2025-01-08,23.866609573364258,32.5040168762207,45.547237396240234
2025-01-09,23.9282169342041,32.64579772949219,45.26449966430664
2025-01-10,23.597063064575195,32.73440933227539,45.52073287963867
2025-01-13,23.76649284362793,32.84961700439453,45.51189422607422
2025-01-14,23.781898498535156,32.628074645996094,45.81230545043945
2025-01-15,24.813879013061523,33.0445671081543,46.474971771240234
2025-01-16,24.736865997314453,32.831886291503906,46.53681945800781
2025-01-17,24.913997650146484,32.96481704711914,48.14488983154297
2025-01-20,25.152740478515625,33.0445671081543,47.968177795410156
2025-01-21,25.206655502319336,33.05342483520508,47.729618072509766
2025-01-22,25.11423683166504,32.86733627319336,46.527984619140625
2025-01-23,25.060321807861328,32.63693618774414,46.227577209472656
2025-01-24,24.99871063232422,32.46856689453125,46.85490036010742
2025-01-27,25.59942054748535,32.94709014892578,47.676605224609375
2025-01-28,25.645631790161133,32.90278244018555,46.5191535949707
2025-01-29,25.58402442932129,32.69896697998047,46.65168380737305
2025-01-30,26.20783233642578,33.1331787109375,48.62200927734375
2025-01-31,26.03839683532715,33.399024963378906,47.862152099609375
2025-02-03,25.7977237701416,33.230655670166016,47.89749526977539
2025-02-04,25.890186309814453,32.90278244018555,47.729618072509766
2025-02-05,26.283161163330078,32.66352081298828,47.9858512878418
2025-02-06,26.329397201538086,32.60149002075195,48.710365295410156
2025-02-07,26.136762619018555,32.41539764404297,48.44529724121094
2025-02-10,26.421859741210938,32.63693618774414,48.94892501831055
2025-02-11,26.699254989624023,32.63693618774414,48.736873626708984
2025-02-12,25.959531784057617,32.14955139160156,48.40995407104492
2025-02-13,26.098236083984375,32.18499755859375,48.471805572509766
2025-02-14,26.79172134399414,33.177486419677734,49.18748092651367
2025-02-17,26.845661163330078,33.38130569458008,48.92241668701172
2025-02-18,26.800752639770508,33.99274826049805,49.24933624267578
2025-02-19,26.55050277709961,34.06364059448242,49.20515441894531
2025-02-20,26.477848052978516,34.1168098449707,51.01644515991211
2025-02-21,26.397123336791992,34.01933288574219,51.387535095214844
2025-02-24,26.251819610595703,33.78007125854492,50.91925048828125
2025-02-25,26.518211364746094,33.629425048828125,50.42445755004883
2025-02-26,26.45363426208496,33.629425048828125,50.11521530151367
2025-02-27,26.429412841796875,32.44198226928711,49.74412155151367
2025-02-28,25.783615112304688,31.839399337768555,48.7280387878418
2025-03-05,26.16940689086914,30.678544998168945,49.116798400878906
2025-03-06,26.217872619628906,30.359527587890625,49.655765533447266
2025-03-07,26.330949783325195,30.68740463256836,50.380279541015625
2025-03-10,26.565183639526367,30.678544998168945,49.56492233276367
2025-03-11,26.330949783325195,30.217742919921875,49.9780387878418
2025-03-12,26.411720275878906,30.217742919921875,49.3537712097168
2025-03-13,26.839801788330078,30.51903533935547,50.03312301635742
2025-03-14,27.712116241455078,31.458358764648438,51.676414489746094
2025-03-17,28.54404067993164,32.043209075927734,52.420021057128906
2025-03-18,28.6975040435791,32.069793701171875,52.80560302734375
2025-03-19,28.768585205078125,32.043209075927734,52.71379852294922
2025-03-20,28.50204086303711,32.11410903930664,52.54854965209961
2025-03-21,28.564233779907227,32.6103515625,52.74134063720703
2025-03-24,28.590885162353516,32.566043853759766,52.46592712402344
2025-03-25,28.821889877319336,32.82303237915039,52.64035415649414
2025-03-26,28.51092529296875,33.1331787109375,52.961666107177734
2025-03-27,28.546466827392578,33.38130569458008,53.383968353271484
2025-03-28,28.155540466308594,33.16863250732422,52.842323303222656
2025-03-31,27.906770706176758,32.92936706542969,52.05281066894531
2025-04-01,27.913572311401367,33.05342483520508,52.502647399902344
2025-04-02,27.922462463378906,32.96481704711914,52.26395797729492
2025-04-03,28.42028045654297,31.901430130004883,50.37279510498047
2025-04-04,27.682435989379883,30.61651039123535,48.3622932434082
2025-04-07,27.73577880859375,29.40248680114746,47.78392791748047
2025-04-08,27.744667053222656,28.356826782226562,45.167518615722656
2025-04-09,28.251375198364258,29.508821487426758,47.600318908691406
2025-04-10,28.13581085205078,27.674489974975586,48.454097747802734
2025-04-11,28.278043746948242,28.223907470703125,49.26197052001953
2025-04-14,28.740310668945312,28.117565155029297,49.904598236083984
2025-04-15,29.10479164123535,27.470678329467773,49.39967727661133
2025-04-16,29.06033706665039,27.470678329467773,48.25212860107422
2025-04-17,29.113670349121094,28.01382064819336,48.545902252197266
2025-04-22,29.682613372802734,28.077383041381836,49.40885543823242
2025-04-23,30.30489158630371,27.759559631347656,49.996402740478516
2025-04-24,30.891613006591797,27.632431030273438,50.776737213134766
2025-04-25,30.776044845581055,27.714157104492188,49.436397552490234
2025-04-28,31.104965209960938,27.605188369750977,49.61082458496094
2025-04-29,31.35386848449707,27.750478744506836,49.427215576171875
2025-04-30,31.62945556640625,27.232881546020508,48.52754211425781
2025-05-02,31.54731559753418,27.977495193481445,48.47245788574219
2025-05-05,30.986989974975586,26.9332218170166,48.61934280395508
2025-05-06,30.826900482177734,27.378171920776367,48.656063079833984
2025-05-07,31.164873123168945,27.505300521850586,48.56426239013672
2025-05-08,31.41390609741211,27.886688232421875,48.41737747192383
2025-05-09,33.112674713134766,28.068302154541016,48.610164642333984
2025-05-12,32.44561767578125,28.740270614624023,49.831153869628906
2025-05-13,32.84585189819336,29.176143646240234,50.64820861816406
2025-05-14,33.068199157714844,28.97636604309082,50.40033721923828
2025-05-15,33.512916564941406,28.940044403076172,50.9052619934082
2025-05-16,33.708587646484375,29.07625389099121,50.94198226928711
2025-05-19,34.108821868896484,29.03993034362793,50.80427551269531
2025-05-20,34.06434631347656,29.15797996520996,50.813453674316406
2025-05-21,33.37949752807617,28.831077575683594,50.16164779663086
2025-05-22,33.148250579833984,28.449689865112305,49.785255432128906
2025-05-23,33.548492431640625,28.513254165649414,49.86787796020508
2025-05-26,33.6196403503418,28.422447204589844,49.583282470703125
2025-05-27,33.886470794677734,28.631303787231445,49.427215576171875
2025-05-28,33.61074447631836,28.540496826171875,49.03246307373047
2025-05-29,33.34392547607422,28.367965698242188,49.069183349609375
2025-05-30,33.29056167602539,28.059221267700195,47.829830169677734
2025-06-02,33.0571174621582,28.222673416137695,48.25212860107422
2025-06-03,32.95033264160156,28.23124885559082,48.22458267211914
2025-06-04,32.8702507019043,27.45484161376953,48.444915771484375
2025-06-05,32.469825744628906,27.464197158813477,48.57344055175781
2025-06-06,32.54991149902344,27.754179000854492,48.63770294189453
2025-06-09,32.38084030151367,27.28646469116211,48.92229461669922
2025-06-10,32.33063888549805,28.109642028808594,49.25279235839844
2025-06-11,32.62699508666992,29.04507064819336,48.821311950683594
2025-06-12,32.87846755981445,29.699872970581055,48.5
2025-06-13,32.483306884765625,30.429506301879883,47.85737228393555
2025-06-16,33.07603454589844,30.13016700744629,49.41803741455078
2025-06-17,33.273616790771484,30.813032150268555,47.19638442993164
2025-06-18,33.07603454589844,30.784971237182617,47.04031753540039
2025-06-20,32.9054069519043,30.700780868530273,45.8285026550293
2025-06-23,32.83355712890625,29.933727264404297,46.40686798095703
2025-06-24,33.45323181152344,29.344409942626953,46.39768981933594
2025-06-25,32.85151672363281,29.194738388061523,46.34260559082031
2025-06-26,32.60903549194336,29.42859649658203,47.7380256652832
2025-06-27,32.5731201171875,29.194738388061523,48.536720275878906
2025-06-30,33.183807373046875,29.353763580322266,48.334754943847656
2025-07-01,33.334442138671875,29.456661224365234,48.98655700683594
2025-07-02,33.06488800048828,29.980499267578125,50.767555236816406
2025-07-03,33.88252639770508,30.083396911621094,50.528865814208984
2025-07-04,33.90049743652344,30.045978546142578,50.675750732421875
2025-07-07,33.45125198364258,29.989856719970703,49.9321403503418
2025-07-08,33.37037658691406,30.42015266418457,50.1065673828125
2025-07-09,32.67853546142578,30.23306655883789,49.61082458496094
2025-07-10,31.67221450805664,30.158233642578125,50.74919128417969
2025-07-11,31.411643981933594,30.52305030822754,51.41018295288086
2025-07-14,31.35773468017578,30.12081527709961,50.822635650634766
2025-07-15,31.465560913085938,29.886959075927734,49.491477966308594
2025-07-16,31.61829948425293,29.73729133605957,49.941322326660156
2025-07-17,32.09450912475586,29.437950134277344,49.849517822265625
2025-07-18,31.510486602783203,28.98894691467285,50.08820724487305
2025-07-21,31.87886619567871,29.04507064819336,51.456085205078125
2025-07-22,31.447587966918945,29.325698852539062,52.7872428894043
2025-07-23,31.798006057739258,29.924375534057617,52.71379852294922
2025-07-24,31.501497268676758,29.87760353088379,51.89674377441406
2025-07-25,31.636276245117188,29.915019989013672,51.134769439697266
2025-07-28,30.97138023376465,29.952438354492188,50.63903045654297
2025-07-29,31.151084899902344,30.345317840576172,50.3268928527832
2025-07-30,31.510486602783203,30.654010772705078,49.427215576171875
2025-07-31,31.591352462768555,30.53240203857422,49.078365325927734
2025-08-01,31.400461196899414,30.13016700744629,49.3445930480957
2025-08-04,31.733064651489258,30.083396911621094,49.73935317993164
2025-08-05,32.08366775512695,30.223712921142578,49.675086975097656
2025-08-06,32.48818588256836,30.261127471923828,49.36295700073242
2025-08-07,33.06352233886719,30.429506301879883,49.72098922729492
2025-08-08,33.28825759887695,28.55864906311035,50.85017776489258
2025-08-11,33.49501419067383,28.736379623413086,50.79509735107422
2025-08-12,34.18720626831055,28.81121253967285,51.32756042480469
2025-08-13,33.86358642578125,28.596065521240234,51.39919662475586
2025-08-14,33.818641662597656,28.23124885559082,50.76252365112305
2025-08-15,33.70177459716797,28.221895217895508,50.66749954223633
2025-08-18,33.944496154785156,28.399625778198242,50.553470611572266
2025-08-19,32.95819854736328,28.100290298461914,50.59148025512695
2025-08-20,32.976356506347656,28.268665313720703,50.36341857910156
2025-08-21,33.01266098022461,28.334144592285156,50.79103469848633
2025-08-22,33.93849563598633,29.149137496948242,52.06437301635742
2025-08-25,33.76604080200195,29.321334838867188,52.187904357910156
2025-08-26,33.53912353515625,29.110872268676758,52.65353012084961
2025-08-27,34.10188293457031,29.330900192260742,52.625022888183594
2025-08-28,34.80988693237305,29.589197158813477,52.64402770996094
2025-08-29,34.93696212768555,29.751827239990234,52.79607009887695
2025-09-01,35.21634292602539,29.81879234313965,52.834075927734375
2025-09-02,34.61698913574219,29.97185707092285,52.634525299072266
2025-09-03,34.31731414794922,29.713560104370117,52.834075927734375
2025-09-04,34.453529357910156,29.713560104370117,52.938602447509766
2025-09-05,34.834938049316406,29.263935089111328,53.42323684692383
2025-09-08,34.671478271484375,29.378732681274414,53.556270599365234
2025-09-09,34.371795654296875,29.60833168029785,53.39472579956055
2025-09-10,34.399044036865234,30.144054412841797,53.76532745361328
2025-09-11,34.46261215209961,30.029254913330078,54.18343734741211
2025-09-12,33.94498825073242,29.828359603881836,54.164432525634766
2025-09-15,34.50801467895508,30.08665657043457,54.639556884765625
2025-09-16,34.41720962524414,30.16318702697754,54.82960891723633
2025-09-17,34.9075813293457,30.34494972229004,54.92463302612305
2025-09-18,34.95298767089844,30.048389434814453,54.820106506347656
2025-09-19,35.41612243652344,29.713560104370117,55.03866195678711
2025-09-22,34.9075813293457,30.01012420654297,55.11468505859375
2025-09-23,35.461524963378906,30.517147064208984,54.80109786987305
2025-09-24,35.225425720214844,31.205934524536133,55.010154724121094
2025-09-25,34.943904876708984,30.95720863342285,55.31423568725586
2025-09-26,35.116451263427734,30.851974487304688,54.24995422363281
2025-09-29,35.31623458862305,30.431049346923828,54.43050003051758
2025-09-30,35.47969055175781,30.096221923828125,54.715579986572266
2025-10-01,34.841590881347656,30.019689559936523,55.409263610839844
2025-10-02,34.460018157958984,29.732694625854492,55.77986145019531
2025-10-03,34.71440505981445,29.65616226196289,55.67533493041992
2025-10-06,34.314659118652344,29.3882999420166,56.625587463378906
2025-10-07,33.7695426940918,29.493532180786133,55.82737350463867
2025-10-08,33.83313751220703,29.321334838867188,56.25498962402344
2025-10-09,33.778629302978516,28.900407791137695,56.16946792602539
2025-10-10,33.74228286743164,28.642112731933594,55.941402435302734
2025-10-13,33.878570556640625,28.919540405273438,56.77762985229492
2025-10-14,34.023929595947266,28.718645095825195,56.77762985229492
2025-10-15,34.023929595947266,28.460350036621094,57.8324089050293
2025-10-16,33.94216537475586,28.173355102539062,57.30026626586914
2025-10-17,34.06026840209961,28.44121551513672,57.13872528076172
2025-10-20,34.668975830078125,28.460350036621094,57.87042236328125
2025-10-21,34.3419075012207,28.23075294494629,57.775394439697266
2025-10-22,34.62355422973633,28.556015014648438,58.80167007446289
2025-10-23,34.5963020324707,28.881275177001953,58.6876335144043
2025-10-24,34.550865173339844,28.54644775390625,58.65913009643555
2025-10-27,34.841590881347656,28.699512481689453,58.592613220214844
2025-10-28,34.95969772338867,28.689945220947266,59.10574722290039
2025-10-29,35.741024017333984,28.718645095825195,60.179534912109375
2025-10-30,35.695594787597656,28.594280242919922,60.635658264160156
2025-10-31,35.83187484741211,28.460350036621094,62.013526916503906
2025-11-03,36.42963409423828,28.795177459716797,62.09904479980469
2025-11-04,36.320560455322266,28.938674926757812,61.405364990234375
2025-11-05,36.47507858276367,29.512666702270508,62.46014404296875
2025-11-06,36.47507858276367,29.665729522705078,62.24158477783203
2025-11-07,36.51143264770508,30.785011291503906,61.55739974975586
2025-11-10,36.756839752197266,30.95720863342285,61.96601104736328
2025-11-11,37.465797424316406,31.76079559326172,61.80447006225586
2025-11-12,36.611412048339844,30.94763946533203,62.488651275634766
2025-11-13,36.756839752197266,31.081573486328125,62.40312576293945
2025-11-14,36.90227127075195,31.282468795776367,62.02302169799805
2025-11-17,36.62959289550781,31.454666137695312,61.97551345825195
2025-11-18,36.44780731201172,31.559898376464844,61.785457611083984
2025-11-19,36.22057342529297,31.397266387939453,61.71894073486328
2025-11-21,36.329647064208984,31.158103942871094,61.91850280761719
2025-11-24,36.19330978393555,31.129404067993164,61.85197830200195
2025-11-25,36.27511215209961,30.880674362182617,62.33660888671875
2025-11-26,37.12949752807617,30.832841873168945,63.267860412597656
2025-11-27,37.00224685668945,30.99547576904297,63.030296325683594
2025-11-28,37.8475456237793,30.41191864013672,64.04706573486328
2025-12-01,37.55442810058594,30.469316482543945,64.54119110107422
2025-12-02,38.390995025634766,30.679777145385742,65.0733413696289
2025-12-03,38.390995025634766,30.90937614440918,67.17340087890625
2025-12-04,39.33667755126953,31.110271453857422,68.34220886230469
2025-12-05,37.5180549621582,30.01012420654297,66.7267837524414
2025-12-08,37.699920654296875,30.287551879882812,66.2706527709961
2025-12-09,37.61808395385742,30.4788818359375,66.30867004394531
2025-12-10,37.914146423339844,30.5554141998291,67.52498626708984
2025-12-11,37.88530349731445,30.048389434814453,68.41822814941406
2025-12-12,38.22175979614258,30.2205867767334,68.61000061035156
2025-12-15,38.798553466796875,30.325817108154297,69.02999877929688
2025-12-16,37.79878616333008,29.407432556152344,69.29000091552734
2025-12-17,37.46232223510742,29.732694625854492,70.16999816894531
2025-12-18,37.65458297729492,29.560497283935547,70.3499984741211
2025-12-19,38.00065612792969,29.665729522705078,70.8499984741211
2025-12-22,38.07756805419922,29.751827239990234,72.91999816894531
2025-12-23,38.702415466308594,29.91182518005371,72.9000015258789
2025-12-26,38.71491241455078,30.01051139831543,73.12000274658203
2025-12-29,38.59609603881836,30.32630729675293,72.12000274658203
2025-12-30,38.843631744384766,30.415124893188477,71.95999908447266
2026-01-02,38.78240203857422,30.306570053100586,72.37999725341797
2026-01-05,39.3470458984375,29.80327033996582,73.12000274658203
2026-01-06,39.58478927612305,29.250625610351562,75.87000274658203
2026-01-07,38.950801849365234,29.43813133239746,76.31999969482422
2026-01-08,39.55507278442383,29.80327033996582,75.58000183105469
2026-01-09,39.475826263427734,29.90195655822754,74.72000122070312
2026-01-12,39.119205474853516,29.96116828918457,74.73999786376953
2026-01-13,38.80221176147461,30.730920791625977,75.3499984741211
2026-01-14,39.228172302246094,31.56975555419922,78.91999816894531
2026-01-15,39.564979553222656,31.37238311767578,78.8499984741211
2026-01-16,39.23808288574219,31.619098663330078,78.87999725341797
2026-01-19,39.17864227294922,31.74738883972168,78.56999969482422
2026-01-20,39.545166015625,31.865816116333008,80.08000183105469
2026-01-21,41.27873611450195,32.99083709716797,82.5
2026-01-22,42.675498962402344,33.13887023925781,82.9800033569336
2026-01-23,43.16089630126953,34.579689025878906,85.0199966430664
2026-01-26,43.73544692993164,34.895484924316406,83.06999969482422
2026-01-27,44.89446258544922,35.65536880493164,84.9000015258789
2026-01-28,45.90488815307617,36.8494758605957,86.97000122070312
2026-01-29,45.716670989990234,37.20474624633789,87.41000366210938
2026-01-30,45.072776794433594,37.263954162597656,84.31999969482422
2026-02-02,45.467376708984375,36.750789642333984,84.81999969482422
2026-02-03,45.725032806396484,37.08632278442383,88.98999786376953
2026-02-04,44.21870422363281,37.0271110534668,89.43000030517578
2026-02-05,45.11061477661133,36.513938903808594,86.44999694824219
2026-02-06,46.329551696777344,36.168540954589844,85.62999725341797
2026-02-09,47.875518798828125,36.829734802246094,87.30999755859375
2026-02-10,47.984527587890625,36.85934066772461,87.05000305175781
2026-02-11,48.92598342895508,37.57975387573242,90.08999633789062
2026-02-12,47.80615234375,36.62249755859375,89.2300033569336
2026-02-13,47.34037780761719,36.4053840637207,87.02999877929688
2026-02-18,47.55839538574219,36.70144271850586,83.91999816894531
2026-02-19,48.11336135864258,37.31330108642578,83.45999908447266
2026-02-20,48.7872428894043,37.47119903564453,86.80999755859375
2026-02-23,47.02325439453125,38.08305358886719,87.38999938964844
2026-02-24,47.736778259277344,39.05017852783203,87.7300033569336
2026-02-25,47.360198974609375,39.05017852783203,89.97000122070312
2026-02-26,47.241275787353516,39.08965301513672,89.20999908447266
2026-02-27,46.35927963256836,38.81333541870117,88.47000122070312
2026-03-02,45.52470779418945,40.58968734741211,88.16000366210938
2026-03-03,43.99796676635742,40.412052154541016,84.4800033569336
2026-03-04,44.62253952026367,39.967960357666016,84.08999633789062
2026-03-05,43.13545227050781,40.15546417236328,81.29000091552734
2026-03-06,42.560447692871094,41.60615539550781,78.86000061035156
2026-03-09,42.78846740722656,42.593017578125,79.26000213623047
2026-03-10,43.42295837402344,42.36603927612305,80.55999755859375
2026-03-11,43.512184143066406,44.21147155761719,79.8499984741211
2026-03-12,42.322509765625,44.40884780883789,79.23999786376953
2026-03-13,42.035011291503906,44.08317947387695,78.30000305175781
2026-03-16,42.629844665527344,45.25754928588867,78.83999633789062
2026-03-17,42.34233856201172,45.77071762084961,78.95999908447266
2026-03-18,41.91604232788086,46.382572174072266,77.12999725341797
2026-03-19,42.21345901489258,46.165462493896484,76.62999725341797
2026-03-20,41.532623291015625,45.07004165649414,75.55000305175781
2026-03-23,42.762107849121094,45.425315856933594,77.48999786376953
2026-03-24,42.522212982177734,46.649024963378906,78.0999984741211
2026-03-25,43.081974029541016,46.87600326538086,79.55000305175781
2026-03-26,41.92245864868164,47.38917541503906,78.91000366210938
2026-03-27,41.43266677856445,48.76091384887695,79.0
2026-03-30,41.582603454589844,49.017494201660156,79.5
2026-03-31,43.46181869506836,48.03063201904297,82.4800033569336
2026-04-01,43.83000183105469,46.747711181640625,83.0
2026-04-02,43.29999923706055,47.5174674987793,83.55000305175781
2026-04-06,43.4900016784668,48.29708480834961,83.08999633789062
2026-04-07,43.459999084472656,47.87273406982422,83.69000244140625
2026-04-08,44.97999954223633,45.99769592285156,85.58999633789062
2026-04-09,45.75,47.270751953125,84.69000244140625
2026-04-10,46.06999969482422,48.385902404785156,85.58999633789062
2026-04-13,45.83000183105469,49.12605285644531,87.36000061035156
2026-04-14,46.529998779296875,47.251014709472656,88.30000305175781
2026-04-15,47.040000915527344,46.274017333984375,88.44000244140625
2026-04-16,46.97999954223633,47.94181823730469,87.44000244140625
2026-04-17,46.79999923706055,45.61281967163086,89.75
2026-04-20,46.369998931884766,46.40230941772461,88.7300033569336
2026-04-22,45.029998779296875,47.04376983642578,87.22000122070312
2026-04-23,44.18000030517578,47.77000045776367,85.97000122070312
2026-04-24,44.369998931884766,47.15999984741211,85.87000274658203
2026-04-27,43.9900016784668,47.369998931884766,85.5
2026-04-28,44.099998474121094,47.52000045776367,84.38999938964844
2026-04-29,42.869998931884766,48.959999084472656,79.44000244140625
2026-04-30,43.189998626708984,49.08000183105469,81.18000030517578
