Date,ITUB4.SA,PETR4.SA,VALE3.SA
2020-01-03,-0.010517573237990852,-0.008143157518124222,-0.007362175322898068
2020-01-06,-0.01488204617667721,0.011822621990068116,-0.005933716419037949
2020-01-07,-0.023199410243229135,-0.0038948997456519363,0.0072747456984705305
2020-01-08,-0.016293747424641514,-0.00619096496969318,0.00018521415474181957
2020-01-09,-0.019932945447945882,-0.0032785557628106643,-0.013145605476383881
2020-01-10,-0.008879178149044487,-0.004276418802560689,0.0011254279699974834
2020-01-13,0.013293891022456261,0.001982080233727368,0.03635697281841743
2020-01-14,0.0,-0.010880264828595054,0.006148124743615702
2020-01-15,-0.012264323044141379,-0.014999897362392933,-0.0032350948907202692
2020-01-16,0.002021139731436694,-0.001015016389103951,-0.005228696824978396
2020-01-17,0.006916571068632527,0.01117846257038968,0.0331700884526136
2020-01-20,-0.020320523958238135,0.005025204373342751,0.006315812204172433
2020-01-21,-0.02132630742606134,-0.012666714601607398,-0.02318691946463003
2020-01-22,0.005970272930495124,-0.011140954282914284,0.004818925789205508
2020-01-23,0.023738804690879967,0.012290614860481108,-0.01420955340147334
2020-01-24,-0.00753665940518955,-0.011804191943731168,-0.030630833888857012
2020-01-27,-0.021611783647527694,-0.04334450308538751,-0.061152465070391515
2020-01-28,-0.00029860696120009855,0.0274704680522877,0.013660485605564654
2020-01-29,-0.015526879480208922,0.0017360989396453252,-0.008788895539851405
2020-01-30,0.014558232122565018,0.003119515565267461,0.014778267721997862
2020-01-31,-0.01883401123450279,-0.016931535011575738,-0.023883230153353363
2020-02-03,0.0028962090017645714,-0.009490421457298281,0.012731121544474533
2020-02-04,0.007902421660539005,0.015968841273669154,0.02671366658378016
2020-02-05,0.006031937210712934,-0.00838294496194647,0.013774749946753762
2020-02-06,-0.0023987205574848014,0.027826699208077343,0.005472678812271647
2020-02-07,0.012921331172016659,-0.008567222853431367,-0.02214712965822585
2020-02-10,0.016908406226274098,0.006913073317125873,-0.036660199961487505
2020-02-11,0.023045484823747353,0.012015021144639704,0.037058876679366914
2020-02-12,-0.003992146322805312,0.02204892346036469,0.0195967070947749
2020-02-13,-0.015459102708833883,-0.013607650109292546,-0.01752411269343701
2020-02-14,-0.01686518725917474,-0.010094142016611407,-0.02186420839886183
2020-02-17,-0.0091690416247171,-0.00203946029680957,0.047255024681843505
2020-02-18,0.004179519552055533,0.013283239417748227,-0.011420939034101907
2020-02-19,0.014268254781798273,0.02689079698585073,0.0001893584460312958
2020-02-20,-0.0035169296885130263,-0.02062192033509358,-0.011550957010098784
2020-02-21,-0.009495790411261584,-0.02606958495185463,-0.0396551236965097
2020-02-26,-0.04987752389794009,-0.10054909737528495,-0.09535212528209702
2020-02-27,0.000643722340055719,-0.03471964278125372,-0.019404560186501385
2020-02-28,0.029932764921589028,0.0015811632546571808,-0.003597798380878592
2020-03-02,-0.003283002427382664,0.04696141272746335,0.04626489125654376
2020-03-03,-0.018192990925274488,-0.018092750748061492,-0.00021566276809981133
2020-03-04,0.009584969865600756,0.03224546936134942,0.047896215051182356
2020-03-05,-0.034178044242663796,-0.05950152092689409,-0.035412617477941444
2020-03-06,-0.02129715745954608,-0.09727169306961192,-0.047812231635718905
2020-03-09,-0.06930050341481153,-0.2969778571843926,-0.1519838236845742
2020-03-10,0.024819712914278647,0.09408129806175736,0.18450969760500424
2020-03-11,-0.08143119042761171,-0.09738048745291805,-0.09082802515515964
2020-03-12,-0.09820422392898887,-0.20504735863005197,-0.13230234546659358
2020-03-13,0.1105929997694246,0.2222223928546272,0.21357844568027473
2020-03-16,-0.09194938713513368,-0.14999998361119815,-0.0899766606842406
2020-03-17,0.058823428289390245,-0.006875391443310286,0.06326821054411469
2020-03-18,-0.0694444369278886,-0.13153874588511272,-0.06889891867787012
2020-03-19,-0.025586330659338574,0.08148818521241141,-0.05821469433954074
2020-03-20,-0.03501053242530683,-0.017199010596626207,-0.03324185726332718
2020-03-23,-0.06938779493319425,-0.041666523530198174,-0.030974671742107995
2020-03-24,0.0964908575404484,0.15217395280206847,0.10381232848343114
2020-03-25,0.048888829921679866,0.08075422915771147,0.08528144060115306
2020-03-26,0.027542288674771154,0.004888894215505646,0.028151975978596422
2020-03-27,-0.052783556717029834,-0.07574722946716483,-0.045238295796564576
2020-03-30,0.04962985383092189,0.006014919835015675,0.04164606422748074
2020-03-31,-0.04230614955700718,0.04559047370893765,0.03471407339802357
2020-04-01,-0.07258889305112826,0.02215886909210485,0.0034704420179794138
2020-04-02,0.0046729107538794334,0.08461535203173698,-0.013603703525482347
2020-04-03,-0.039070021138956745,-0.010960875542201931,-0.05329598576907035
2020-04-06,0.07357198543288956,0.028031472432993088,0.06493806924644696
2020-04-07,0.036970091520064585,0.03994924722261706,0.015070764179480944
2020-04-08,0.05130472100404537,0.05609764155144048,-0.006167301037749762
2020-04-09,-0.02812225100759591,-0.028868545259986833,-0.005285862741095881
2020-04-13,0.021276013037611285,0.006540168784551437,0.029805808367592945
2020-04-14,0.012499917183781628,-0.011813661620905025,-0.0008975279219123333
2020-04-15,-0.03703710628046786,-0.0209207604674706,-0.0300917636612813
2020-04-16,-0.02521341065253513,-0.04029285592046694,-0.009956528450186575
2020-04-17,0.017974666014009655,0.026081547086550527,0.028999267102384874
2020-04-20,-0.024978743943646187,-0.011159294871259884,-0.03500000820466531
2020-04-22,-0.011925736998346093,0.050156496091026126,0.010362777791588229
2020-04-23,-0.014304110119849889,0.011940519503558455,0.014218934354507828
2020-04-24,-0.05306167748507318,-0.05899703726321981,0.005745994275657029
2020-04-27,0.03304597367694262,0.03134806059832451,0.018052854882224967
2020-04-28,0.08252165307563253,0.04863228475488435,0.0013469350648107614
2020-04-29,0.013276440325574956,0.0550723642479638,0.04752278204756388
2020-04-30,-0.03761625911292299,-0.008241977682657331,-0.0400172076516514
2020-05-04,-0.038013732133936995,-0.0371191033478383,-0.0207309639861466
2020-05-05,0.037003181573696864,0.03222099508275056,-0.005235717236833026
2020-05-06,-0.020263771974164402,-0.03678921390703249,0.014416767326190127
2020-05-07,-0.03597172039781105,0.00925917541137844,0.03879977176239868
2020-05-08,0.04104512483352374,0.05963321605416372,0.06080350763996223
2020-05-11,0.0026874943808539165,-0.01785741762966797,-0.02292753741103226
2020-05-12,-0.0344051950732196,-0.0005508492135102294,-0.005656697411889344
2020-05-13,-0.00046248040200780327,-0.030319712228107143,0.022756235116129453
2020-05-14,0.04398118955336394,-0.010801536345193097,-0.0092706663562373
2020-05-15,-0.04079859549845444,-0.014367909457666639,-0.0008319037519674
2020-05-18,0.04808261316554274,0.08104961434004743,0.0668052705440978
2020-05-19,-0.043229337102634324,0.007551387999875425,0.020288814959890544
2020-05-20,-0.004149481817131484,0.03319048789152479,0.0038240984400812472
2020-05-21,0.057407103802165294,-0.005699424678495824,-0.026095194972632685
2020-05-22,0.005254206999906641,-0.027097571687566324,-0.016819811946306884
2020-05-25,0.04355385412928192,0.043384972518552,-0.0033818569771395524
2020-05-26,-0.0396497276528347,0.0097538037796292,-0.017964068979762993
2020-05-27,0.031291153206950195,0.013218331417794271,0.029268259958165066
2020-05-28,-0.017699690702786874,-0.008028361276341878,-0.010860913915262116
2020-05-29,-0.011582857171423266,0.028831498917257115,0.05809538700994765
2020-06-01,0.027579405219502418,-0.0004917876020221756,0.00792473030669294
2020-06-02,0.06720144645459536,0.05263185337402754,0.0
2020-06-03,0.02653482866966117,0.003270895072287061,0.004492500378118658
2020-06-04,0.02893528769872189,-0.0018630676251306655,0.03727158374837547
2020-06-05,0.022122115821366695,0.03126465047130789,-0.01886452365467106
2020-06-08,0.04035210825332647,0.019457061494927652,0.0031130296843995264
2020-06-09,-0.019746034800094625,-0.03595232097569234,0.003833676603940628
2020-06-10,-0.043525150502618404,-0.014732680250097663,-0.014366306554483566
2020-06-12,-0.01993246148602934,-0.03738338772769223,-0.014760172881610911
2020-06-15,-0.02340785269719059,0.004854417701435354,0.008988689532264171
2020-06-16,0.02868442132936533,0.0323674652355439,0.02802522506357019
2020-06-17,0.012604778419299523,0.0032754076957435263,0.014623632927465824
2020-06-18,0.039230353474806634,0.007462854652167117,-0.000533707834236341
2020-06-19,0.019600543113981628,-0.006018740706356218,-0.017803005123613436
2020-06-22,-0.030971784187416418,-0.02421980075764074,-0.0030814301859384274
2020-06-23,-0.013225299018259085,0.03341281767299087,0.010727199520359942
2020-06-24,-0.03797468496976386,-0.030023044791078313,-0.0035978991875735833
2020-06-25,0.011996655460845052,0.022380926360044295,0.011012928333565819
2020-06-26,-0.016825543669806042,-0.029343021211839515,-0.0067857320903946805
2020-06-29,0.02994927942715586,0.03934733855133299,0.0001796959411155541
2020-06-30,-0.03889784304475319,-0.005078900420117605,0.005213274418651714
2020-07-01,0.026145301725469805,0.007424841390100134,-0.024678341028784856
2020-07-02,0.017241752737022775,0.016121569497912658,0.017418550339423966
2020-07-03,-0.0018835702417534517,-0.0036263263789845235,-0.004145043497894019
2020-07-06,0.046414736707137916,0.024112691754613724,0.02370621886241553
2020-07-07,-0.04904400668517794,-0.01243886058213206,-0.0035353881290333122
2020-07-08,0.021615702052058205,0.018893150643457757,0.016852948823848912
2020-07-09,0.0003710809969836859,-0.022516316607482767,-0.015701561818740273
2020-07-10,0.009276612240704196,0.016711763554297487,0.009748380378608035
2020-07-13,-0.014706134048173891,-0.015548687850078902,0.011936104445274154
2020-07-14,0.016791406946961906,0.03339366894450757,0.07025148260709835
2020-07-15,0.00697232668219816,0.019213854377762685,0.001458732221387704
2020-07-16,-0.016764306886637548,-0.02656384403040357,-0.02702708417330213
2020-07-17,0.008895881458760524,0.000880320087849773,0.01530283647019326
2020-07-20,0.002938999436388201,0.0,-0.003931899939156547
2020-07-21,0.01758198999013283,0.027704472017243242,-0.018092109727508854
2020-07-22,-0.025557827430147118,-0.013692933451044609,-0.007704901378782769
2020-07-23,-0.0210564119675678,-0.020804548130222256,-0.006583663683072283
2020-07-24,-0.0011317273095005076,0.007089223531874467,-0.004247993753032864
2020-07-27,0.05024539404373418,0.02067752198695727,0.04726933243777287
2020-07-28,-0.005755908089022821,-0.017241565621215815,-0.016783217410050177
2020-07-29,0.023517183021509513,0.016227973722700906,0.04325487630882008
2020-07-30,-0.01696703372794206,-0.015105481083364847,-0.02668798189334487
2020-07-31,-0.03308176802054086,-0.02716927077246656,-0.009139845163914306
2020-08-03,0.015069261606743378,-0.018017912184382645,-0.0074122593255525615
2020-08-04,-0.05828377710133836,-0.0009173755372389181,0.00730192293099341
2020-08-05,-0.0007786624153258703,0.06427903750123609,0.02454688139873018
2020-08-06,0.014023667845123544,0.001725448363611326,-0.005788732813282849
2020-08-07,-0.0211292969138559,-0.01851826892977637,-0.022319417306965406
2020-08-10,0.012951631653262297,0.02896015841807542,0.028949698535196466
2020-08-11,-0.01162329270633844,-0.0157783689701404,-0.03086813165553326
2020-08-12,-0.011367667184029262,0.01733099195496246,0.020238742327911563
2020-08-13,-0.028549505794112195,-0.02725737924945948,-0.01869926289514212
2020-08-14,0.009388141764516744,-0.007442926817984641,0.016570210583154
2020-08-17,-0.023857842159892617,-0.003087742412976824,0.014343818097409589
2020-08-18,0.006347549518852524,0.01858383657825957,0.013337551410578907
2020-08-19,-0.004949986192173239,-0.005646994985167297,-0.01062466625833458
2020-08-20,0.0,-0.006989968578439587,0.008975768873758616
2020-08-21,-0.001658307636314138,-0.007479166695967598,-0.01191417034740283
2020-08-24,0.016611185253253113,0.01817347730172414,0.012218570958728359
2020-08-25,-0.007353690474585117,-0.004353461552407234,-0.02128329979830934
2020-08-26,-0.020987379398384465,-0.02842141475179405,0.002109644136902178
2020-08-27,0.016393927687765153,-0.003150275875359543,-0.015546542077555237
2020-08-28,0.010338642613130888,0.017607145011197423,0.005099472632950963
2020-08-31,-0.03602089401764985,-0.028837445951623186,-0.023240513531775697
2020-09-01,0.03420393157805557,0.04476904563376394,0.03485235447278057
2020-09-02,-0.0020543265842076774,-0.0030606670079342813,-0.00712413232185638
2020-09-03,0.024289888575426133,0.003508854788552229,-0.0326159541374309
2020-09-04,0.0032159217551874786,0.0017480722743425936,0.0197237821968268
2020-09-08,-0.022436271729212476,-0.028795613389018038,-0.020168707254093587
2020-09-09,0.0012299723575703858,0.021114186631514098,0.0123164142401746
2020-09-10,-0.021285808080085622,-0.026837001200435973,-0.02449976700833434
2020-09-11,-0.011710466779372153,-0.010849633798141634,0.05843142590019701
2020-09-14,0.01777339389735122,-0.009140904611893208,-0.0006458940165505744
2020-09-15,-0.013304756003371998,-0.00046114904652272415,0.011145568468086342
2020-09-16,-0.0029501399434309628,0.0027687919720251752,-0.026038399353584873
2020-09-17,0.001268696109304246,0.019327951084183725,0.018205645843436757
2020-09-18,-0.024905313314940725,-0.022573288155410154,-0.006765635917273638
2020-09-21,-0.008658403873823217,-0.03464210843314974,-0.02692180688773327
2020-09-22,0.008734026603602008,-0.004784801855989507,0.0037768029234321876
2020-09-23,-0.026840425987001648,-0.027403646296565443,0.02231432483017537
2020-09-24,0.02446618489758179,0.00840318451874511,-0.007444915033240296
2020-09-25,-0.005210404273186864,-0.0132349888279496,0.010057982289246592
2020-09-28,-0.0004364581271751877,-0.02483896253305551,-0.007932485202341466
2020-09-29,-0.021834145586756448,-0.016301195536433166,-0.007315438125663265
2020-09-30,0.004464020923421019,0.015536093783628191,0.01302497329872554
2020-10-01,0.0015567792605106767,0.01223825244111243,-0.0042295569182365655
2020-10-02,0.0031084515496802023,-0.04181353309427838,-0.009174369538231364
2020-10-05,0.010624493798030432,0.053102146357084434,0.021776611117247713
2020-10-06,0.0017517048395148116,-0.004992292443452895,-0.016277978363742118
2020-10-07,-0.007433471672576575,-0.007024580586773244,0.02644148514593958
2020-10-08,0.0603528740573831,0.0328445721372026,0.01861390078963221
2020-10-09,-0.0029083428280952672,-0.03131139784337267,0.005057921041207836
2020-10-13,-0.009583569983469209,0.0166671057159975,0.008766395672551885
2020-10-14,-0.0029446067389544694,-0.007948605088638483,0.013839443002064966
2020-10-15,-0.008860480821314964,-0.011016448127537437,-0.008412340572028665
2020-10-16,-0.016177407268579858,-0.021265897754123797,-0.0036820319398229717
2020-10-19,0.010817301820406078,0.009829469677279379,-0.004659290446566988
2020-10-20,0.03981199727281992,0.033811406170268565,-0.0017755496426207218
2020-10-21,0.009057641718586362,-0.0009910202030215531,0.01633251899503052
2020-10-22,0.05140731299619805,0.033730115178710385,0.0039774492886768265
2020-10-23,-0.012805327846348247,-0.012955714464834123,0.0055470380563631405
2020-10-26,0.007075670430069403,-0.015556671983970594,-0.014972609735041442
2020-10-27,-0.028493330111869053,-0.018271741491242555,0.0004799795208738633
2020-10-28,-0.04459629630458439,-0.06086505746737314,-0.036302504438868066
2020-10-29,0.005045554257338436,0.033208321185841605,0.029206837404625263
2020-10-30,-0.017572801096155444,-0.018144148543059346,-0.023702081811479037
2020-11-03,0.02450443450059736,0.03748648030399604,0.04607761499509966
2020-11-04,0.03993342843259251,0.003562554051392608,-0.027786716296285485
2020-11-05,0.02360048244296231,0.008620679357689065,0.01575184031927046
2020-11-06,-0.001172714068818137,-0.007038709561172585,0.010231907046398314
2020-11-09,0.08098555364320759,0.0941775593671772,0.0
2020-11-10,0.04524090112862145,0.06802381418612602,-0.0004745295258580251
2020-11-11,-0.008310142238713625,-0.008665568878252539,0.006966240470679175
2020-11-12,-0.02444124210886156,-0.04239525685653789,-0.014622640481429139
2020-11-13,0.018969433552115555,0.03286202474293298,0.009254748070281815
2020-11-16,0.03512410210299888,0.029164540864692334,0.026403185796860962
2020-11-17,0.0006784349175188442,0.017174726002240792,0.03157770914188052
2020-11-18,-0.024414954546089884,-0.005909735480955747,-0.007764928436130636
2020-11-19,0.0013905113496723853,0.011465061897130813,0.01911199336882996
2020-11-23,0.003123992845718959,0.053736638666075365,0.052717456511036875
2020-11-24,0.028027854614379732,0.04462121717922085,0.04923525347288216
2020-11-25,-0.011780294663832236,0.0011442239375420993,0.00935841853527375
2020-11-26,-0.021117543180767306,-0.01638066627571677,0.014172102871470083
2020-11-27,0.00765464172775876,-0.01239358704903415,0.02442200145489326
2020-11-30,-0.013811909882693207,-0.023529632999616634,-0.005609564389325694
2020-12-01,0.042214320494875945,0.0281125065165031,0.04166709681961556
2020-12-02,0.007731230079704998,0.012108970613935455,-0.0173539953970393
2020-12-03,-0.0006676465369296336,0.02817509358741699,-0.011022151691797433
2020-12-04,0.010013659963959531,0.033408210160048135,0.03824742224952882
2020-12-07,0.00594825079448813,-0.019251598361332056,0.011831969432475331
2020-12-08,-0.0026277603882434164,-0.012592700700451709,-0.0006026674759523898
2020-12-09,0.005928162152851302,0.010502683559821202,-0.0024125217050121606
2020-12-10,0.03307223492790845,0.03266526196032782,0.027811294004446818
2020-12-11,-0.005909206804604716,-0.008986399894039265,-0.0016469884803987922
2020-12-14,-0.013418855433025123,0.001813455454998003,-0.015437230299202631
2020-12-15,0.009067904124971049,0.008327464917432081,0.011370345904044843
2020-12-16,0.018934328005731027,0.012208242258156865,0.020355176915140882
2020-12-17,-0.0012596209624142762,0.0017736306319309225,0.011366168693617507
2020-12-18,-0.001576653974755149,-0.004957504297234627,0.006880742972489529
2020-12-21,-0.017688324668691635,-0.038434287418904534,-0.010706294595778654
2020-12-22,0.004823605850433843,0.009622604405590929,0.0009212870967374442
2020-12-23,0.02207932507507837,0.02456004683014834,0.004830786942033205
2020-12-28,0.007201193684297502,0.008228963565479308,-0.0005723198901750326
2020-12-29,-0.002175511133168939,0.003193740197564132,-0.0027486330164052664
2020-12-30,-0.014641735228122621,0.002476032738721212,0.004364193133682637
2021-01-04,-0.02261610536926606,0.020113064521108504,0.045854623230521474
2021-01-05,-0.006472555371151212,0.03908683924705114,0.01683796546975813
2021-01-06,0.029316054802851266,0.001997439880487395,0.0327956485194818
2021-01-07,0.03892413693855423,0.029900194057793428,0.06527860573611055
2021-01-08,-0.00030490392785154086,0.003871058925287052,-0.0031275677903092047
2021-01-11,-0.022546922638631894,-0.008354897760770585,-0.0001958759537709076
2021-01-12,0.0031174241935456593,-0.0074531622998877944,-0.027358494290621538
2021-01-13,-0.016470096930902067,-0.04831825172094739,-0.029942523668437304
2021-01-14,0.029699486061018687,0.01029131600082156,0.016420894815739162
2021-01-15,-0.03774145676818985,-0.04516130027468135,-0.04345613050228869
2021-01-18,-0.005102167703871507,-0.001777926486802528,0.00812400385792289
2021-01-19,-0.011858910262819822,0.022087676848300708,-0.0026510691234080674
2021-01-20,-0.016542230529316138,-0.016730490956163302,-0.01849860655918889
2021-01-21,-0.013522491167359041,-0.02339620696898803,0.011265112789469844
2021-01-22,-0.021397356613650942,-0.01669675917047775,-0.0020350460594870112
2021-01-26,-0.033191205459923934,-0.0033222438667366294,-0.01524101475092765
2021-01-27,0.0,0.01481497499170259,-0.027792952853226693
2021-01-28,0.040353932470525766,0.01313850065561084,0.021300576512004676
2021-01-29,-0.03572623964194899,-0.03854451201783604,-0.03457735845775756
2021-02-01,0.02665484481816205,0.03147218605101543,0.037748607035124504
2021-02-02,-0.021320407694864874,0.041046151251033614,-0.0395530226905636
2021-02-03,-0.004919160802272504,0.009769591638208341,0.03159959569480009
2021-02-04,-0.004237297539685159,-0.004146491859748136,-0.01260662568978066
2021-02-05,-0.00425554090083613,0.0006941540783858002,0.03807824830433315
2021-02-08,-0.01851859944598011,-0.025311989298890114,0.014240837248947535
2021-02-09,0.01197385122355743,-0.020277446508568886,0.0025528814927571197
2021-02-10,-0.007171011612396416,0.009440483841139713,0.0047747530337585165
2021-02-11,0.0,0.010072059748202244,-0.016895434469014203
2021-02-12,0.002527652584123574,0.012820515125123277,0.008485420289873646
2021-02-17,0.012608231199135123,0.040435863255783744,0.0262010207141794
2021-02-18,-0.007114783080142462,-0.010814151844607212,0.010897644483872426
2021-02-19,-0.01039015687860767,-0.06627980863426752,0.0037987413200621933
2021-02-22,-0.07277378389607081,-0.20709817031126876,-0.024751925481680148
2021-02-23,0.06403820162083429,0.11029055001050914,0.016780258701596606
2021-02-24,-0.014679514152146855,0.01413139162685928,0.010108416404830178
2021-02-25,-0.0312849981534965,-0.049590123266775366,-0.02266915952855797
2021-02-26,-0.012102157899030797,-0.040965988188195746,-0.012433617800315266
2021-03-01,-0.02995918896973493,-0.010791469502307915,0.04284820156097702
2021-03-02,0.04037164381156799,-0.0004545179566713964,0.030739532907271716
2021-03-03,0.002327627239852026,-0.03637996034721591,-0.012303143403994188
2021-03-04,0.031359496473831294,0.048607580985902565,-0.014848054828848989
2021-03-05,0.03716193433915116,0.007650680800491028,0.059320480199867465
2021-03-08,-0.031849585663014546,-0.0576146067300054,-0.005388547441175784
2021-03-09,0.013831836428991329,0.023222611742616417,-0.010033058252393312
2021-03-10,0.007374586137791628,0.03473822207411703,-0.015404798177000023
2021-03-11,0.001464294140003819,0.042524451388205264,0.02624799464462768
2021-03-12,-0.006579036768313284,-0.005152475595437744,-0.023069259852060875
2021-03-15,0.01177326847477489,0.020716426533518906,-0.00595479640849883
2021-03-16,-0.020363664445088858,-0.015644515626160538,-0.00320189206745658
2021-03-17,0.038975652582508014,0.034364054031238656,0.014402901142245517
2021-03-18,0.0057161219462018575,-0.03488370630557991,-0.017773212245366876
2021-03-19,0.0021314682607438407,0.03270243016983043,-0.014351282315688718
2021-03-22,0.005671966624426039,-0.0200001177784791,-0.01656474656068374
2021-03-23,-0.025378952326804982,-0.030612321544729593,-0.023066169665255876
2021-03-24,-0.01735976947298401,0.0008773612892465366,0.022952006055892094
2021-03-25,0.017666455060234565,0.016652081373768723,-0.007622006929602687
2021-03-26,0.01705287199244765,0.011206868980216056,0.03342706215652358
2021-03-29,-0.00035653877948871315,0.015771501422493284,0.02564652664649758
2021-03-30,0.0163935137372464,0.0,-0.009287997341645315
2021-03-31,-0.01928492604329024,0.011330274853654121,0.009272010174590672
2021-04-01,-0.030584628873152386,-0.008713862443806453,-0.005920342686853708
2021-04-05,0.012915084303409152,0.0062788204485964005,0.06160790810026717
2021-04-06,-0.011657655127594424,-0.0008318963885156627,-0.01296059615663503
2021-04-07,-0.00884625989533283,-0.0008325189684386114,0.024595794887930733
2021-04-08,-0.007810252509575233,-0.012500222587304322,-0.0005738386939431184
2021-04-09,-0.0014989857545193441,-0.0021097900134902092,-0.014354143907697958
2021-04-12,0.024775519092085307,0.010148090031590673,0.003883573490990111
2021-04-13,-0.00036661577015184577,0.0033487605824933375,0.0017408290377614044
2021-04-14,0.012825493544358801,0.015853242337589002,0.0330177847452533
2021-04-15,0.0,-0.019831146628995988,0.011308678533934025
2021-04-16,0.011215410580259544,-0.006063481466624943,0.004250839078162594
2021-04-19,-0.015026930527159754,0.05795231658476285,-0.00864993079706644
2021-04-20,-0.005085969559630921,-0.018945776081063292,-0.014573530956749514
2021-04-22,0.0003658448068346587,-0.004617813175886942,0.0006594280300700195
2021-04-23,0.00474438836105473,-0.000843678504185319,0.01656794250038196
2021-04-26,-0.0007264592966688133,0.0037993124216091356,0.005370723189546345
2021-04-27,-0.015267383062077533,-0.02859569935751849,0.014276484713340087
2021-04-28,0.04351947420207547,0.036363524899117206,0.0163459608270482
2021-04-29,-0.03154885751995451,-0.013366655631307234,0.00026771253632795755
2021-04-30,0.007686143903386178,0.0,-0.02617216440010639
2021-05-03,0.013992727748331824,-0.008043867269643123,-0.00513679821770463
2021-05-04,-0.0426529103824701,-0.023047236479745714,0.015120888612066619
2021-05-05,0.028454287350331064,0.04106585169808552,0.005540394074597277
2021-05-06,-0.006188069344557845,-0.013848170071291133,0.03920151137697281
2021-05-07,0.012087439511038855,0.03744679542366347,0.0034768190470879645
2021-05-10,0.014838821141847092,0.013125550781531325,-0.006583035229255185
2021-05-11,-0.002139286112340155,0.018218657099531743,0.035138241615377375
2021-05-12,-0.014653726360048469,-0.014711963394615224,-0.036977619058714994
2021-05-13,0.02901733551814134,0.008474698741679942,-0.016093951634287285
2021-05-14,0.022206479629082176,0.05242091312932562,-0.017156945587792904
2021-05-17,-0.0006896593248257865,0.013688400957844626,0.02622985394941657
2021-05-18,-0.0020706100916405568,-0.011628086596421228,0.010047691185296914
2021-05-19,0.007261353783311941,-0.00758996250701216,-0.020506231363144556
2021-05-20,0.0054929586765777305,-0.008413091795673067,-0.010155663076000021
2021-05-21,0.004779513696631543,0.0007714469341308927,-0.015390186019412
2021-05-24,-0.0027180299135135533,0.016955487970683913,0.0034734863062106935
2021-05-25,-0.01028182451968307,-0.020841083316406994,-0.024867809004291197
2021-05-26,0.01379331002151929,0.00967487703720371,0.02942530672428756
2021-05-27,-0.008503401360544172,-0.006899444918646358,0.0071687763630858825
2021-05-28,0.01646677530118512,0.04168301134423236,0.005405716689367734
2021-05-31,-0.003037820339725328,-0.004446171722029435,0.02858699483661198
2021-06-01,0.03640989239262993,0.015630736104134346,-0.013765449428464582
2021-06-02,0.03333318214186898,0.021253356261636824,0.014134336340875464
2021-06-04,0.02087295494576713,0.022604865052520795,-0.016550716546326227
2021-06-07,0.02354396718774554,-0.007368126942467801,-0.009742968930937401
2021-06-08,-0.006961318322784016,0.013078629316470636,-0.01681575197760099
2021-06-09,0.013715119519244423,0.0,0.020742211170251323
2021-06-10,-0.0036077761186423807,0.0006976789622643587,-0.0032976395831133543
2021-06-11,-0.011768306918570781,-0.0038350130505091506,0.022444847993188466
2021-06-14,-0.0033584627427133418,0.0063000287266177235,-0.005422439440422533
2021-06-15,0.0,0.009738854217941295,-0.019521708207505983
2021-06-16,0.01991396502670284,0.0037894496500330277,-0.030044869161633403
2021-06-17,-0.011714748131717578,-0.034660247659541454,-0.02080423117029706
2021-06-18,-0.018237331426621317,0.006754101183749972,0.030122545965994174
2021-06-21,0.004643524682998779,0.022246028180593846,0.009350284291439026
2021-06-22,-0.012942956710962905,0.005181188083739796,0.011715438835951941
2021-06-23,-0.007180646588257122,0.0068728660737569225,0.014991129462227581
2021-06-24,0.0003147144173283323,0.011945471937252039,0.0013497495891654498
2021-06-25,-0.031750626306526586,-0.018549837591200213,0.012338883179232152
2021-06-28,-0.011364093965522848,-0.0017181605814493572,-0.016014048977459727
2021-06-29,-0.009852451795314354,0.004475040598901359,0.017269446621267504
2021-06-30,-0.011608413526286165,0.008567473033914252,0.006577229266754525
2021-07-01,-0.003189799143434535,-0.01257190960835708,-0.01739517633511367
2021-07-02,0.010778660631897141,0.0041291256387692155,0.02066854380031069
2021-07-05,-0.013662304222340604,-0.01130923844969256,-0.0036097897839207915
2021-07-06,-0.0016889772942340064,-0.04090111800760021,0.005301805479408062
2021-07-07,0.004399189901010958,0.013733241859962275,0.0029005165292967927
2021-07-08,-0.013140262612326037,-0.019964134589415816,-0.003856170486160826
2021-07-12,0.013656135294666027,0.008730486939501292,0.012405278250978702
2021-07-13,0.006063002818757601,0.00613009754034155,0.005909563876188129
2021-07-14,0.0013388300232310968,-0.00824350083500347,-0.005442823333509872
2021-07-15,-0.012035530585985499,-0.021322562818427704,0.003127220961193
2021-07-16,-0.016243731281743168,-0.014771075558461133,-0.01801200049170737
2021-07-19,-0.005848213877768127,-0.016491564870781406,-0.010934603092903394
2021-07-20,0.013148489320873757,0.013338312576320899,0.008381047591742297
2021-07-21,0.004098634564677628,0.013914552509440847,0.011494134538118095
2021-07-22,-0.010203807086826,-0.0022251981425588374,0.002622292627414202
2021-07-23,-0.0027492216877837983,-0.005947942343190626,-0.005056779696161251
2021-07-26,0.01757375293796848,0.027299903009729842,0.021731555926825408
2021-07-27,0.009820551763222385,-0.011649046260558293,-0.020754521948451732
2021-07-28,0.032528470503275786,0.020626045457543096,0.027325126631784435
2021-07-29,-0.0051960720594079746,0.0036088125659095027,-0.014748439840397753
2021-07-30,-0.0107740556946061,-0.03236205456066643,-0.05892528341459369
2021-08-02,0.006108586309729658,-0.018580784356803326,0.0015629632270275362
2021-08-03,0.009846420891166163,0.016660226892484697,0.034058613756902556
2021-08-04,-0.02795020307051088,-0.021228983626306985,-0.001065284439853098
2021-08-05,0.0030094893800394207,0.07876728789363074,-0.03057237177221206
2021-08-06,0.027999699875377537,0.001410845388754245,0.0056838841919384375
2021-08-09,0.011673125696095799,-0.007044747228955983,-0.006289971479229606
2021-08-10,-0.018910122760586123,0.003192592861203103,0.00963217381956838
2021-08-11,0.011107203543911703,0.013790771716606143,-0.007177776097054611
2021-08-12,-0.018739837840094586,0.014998044636786112,-0.0006407226880335015
2021-08-13,0.013500478506825564,0.008591138529186138,-0.008241605229434956
2021-08-16,-0.010958637581522268,-0.024190991835989495,0.004616502698964631
2021-08-17,-0.003625195364587497,-3.06911301495294e-06,-0.01654404062962811
2021-08-18,0.0019846798587672687,-0.008878971202878838,-0.03355127649446077
2021-08-19,-0.012875934330308203,-0.005599142672853219,-0.0570545320167245
2021-08-20,-0.003678444842256434,-0.001501781007781422,0.0004102561366448043
2021-08-23,0.010741595997752595,0.015789702877935685,-0.013838990311411559
2021-08-24,0.02789762894858705,0.02072560895733111,0.036486385737501736
2021-08-25,0.0012923401959219483,0.005438426257560192,-0.0021060272443709227
2021-08-26,-0.024201147525617084,-0.008654947459465157,-0.012763858013696394
2021-08-27,0.01719555499293257,0.036376936889007006,0.02504319967233437
2021-08-30,-0.007151680216157197,-0.0066689817610822155,-0.006355867695056361
2021-08-31,0.013097182338717817,-0.03922256450744688,-0.013693446276733079
2021-09-01,0.004365671063823573,-0.005516659534337887,0.0017227431659698755
2021-09-02,-0.03605937262871861,-0.016272490903417758,-0.0031360554460015955
2021-09-03,-0.00567791990272537,-0.010149986987936566,0.0007103024017725001
2021-09-06,0.012764092371188474,0.0049370562667812035,-0.015718441300421215
2021-09-08,-0.04742922620731305,-0.056311309139438825,-0.020811661365848555
2021-09-09,0.0132314640552047,0.021225516024297786,-0.0035774465766522656
2021-09-10,-0.009965939985015493,-0.006274472947706444,0.0011612722379610307
2021-09-13,0.012495993794895854,0.03512223471322651,-0.0005270487107851274
2021-09-14,-0.006170935922427123,-0.013343554024274118,-0.007070608370101206
2021-09-15,-0.016212300023700443,0.017388185564841452,-0.02497598020384373
2021-09-16,-0.0007011948545796454,-0.008735420204658895,-0.041530399582506594
2021-09-17,-0.023859415977920517,-0.04482748553466953,-0.020243567450230704
2021-09-20,-0.02264587709212995,-0.011231565961740464,-0.03946589900798392
2021-09-21,-0.0025748228519067995,0.022718106970878615,0.016555797949762585
2021-09-22,0.023230084659809025,0.025386601613317294,0.035544453520252706
2021-09-23,0.034595199199563,0.038298023570903617,-3.4839105545025895e-05
2021-09-24,-0.01393292750646169,0.002235370412450921,-0.015460853879345149
2021-09-27,0.026139574175309432,0.0089219955883455,0.01428771475932833
2021-09-28,-0.02271979139753577,-0.006632436344007675,-0.05012709904241208
2021-09-29,0.0179642640061346,0.015949820155384042,0.012692284108911212
2021-09-30,0.0010376066307578036,-0.005841737552346071,0.005804423847812545
2021-10-01,0.026111360661429606,0.0282777962390528,-0.000524569509691597
2021-10-04,-0.17964259296511065,0.028214187111077704,-0.009317394681469304
2021-10-05,0.02424006049154448,0.021882750701164966,-0.007153158440196261
2021-10-06,0.0032085441788951563,-0.026512861816257116,0.028151781657841157
2021-10-07,-0.021191600636203733,-0.001396479181710597,0.029846877574505326
2021-10-08,0.007353344358270508,0.01818187287407058,0.006174331615452555
2021-10-11,-0.017436909855908844,0.006868038529894482,0.022166717012032988
2021-10-13,0.0012376763469079677,0.010572991724701053,-0.029649621812961935
2021-10-14,-0.004946098992564929,0.0016875598200241093,0.0
2021-10-15,0.02568293451253223,-0.0026950913188120706,0.018686796663806682
2021-10-18,0.006866500580620993,-0.005067808485792136,-0.009419714514192212
2021-10-19,-0.023666385866523698,-0.04889666359517775,-0.011511581188579756
2021-10-20,0.026704950947159523,0.017493912249292753,-0.029493606768765557
2021-10-21,-0.02040849188465166,-0.036842143847129805,-0.019694871425594007
2021-10-22,-0.03839838530223805,-0.0098361338339229,0.012240553922912678
2021-10-25,0.019541301231157382,0.0684329246193982,0.012092534601063631
2021-10-26,-0.010833650919064963,-0.009642079638677026,-0.010649281322158255
2021-10-27,0.007582121868233926,-0.0024339886218003315,-0.02270939735645383
2021-10-28,-0.002090490506100773,0.00941090366843711,-0.010073737367038538
2021-10-29,-0.023459785562705338,-0.062499946952123686,-0.028358234520959646
2021-11-01,0.03982614395523454,0.0313076948670481,0.009914610756664333
2021-11-03,0.009496289491352616,-0.041071528115207645,-0.07591253243694307
2021-11-04,-0.05276059384177645,-0.03165727150626996,-0.011372211224114581
2021-11-05,-0.012090148392256195,-0.005769388713761092,-0.029665452979206974
2021-11-08,-0.005244619791041294,0.010445066795796265,0.054437579514653445
2021-11-09,-0.010105518920534018,0.019908056939717866,-0.02455600655225232
2021-11-10,0.025299499143962567,-0.007882822098059905,-0.0037916136425596436
2021-11-11,-0.0021645839806555545,0.0007567985445287029,0.03531761097476038
2021-11-12,-0.0021690249058735622,0.020415552704380113,0.004264093113597323
2021-11-16,-0.010434703935541578,0.010374324233406451,-0.028843341064289207
2021-11-17,0.0039546867115691775,-0.025302594335317785,-0.020051387135452736
2021-11-18,-0.016630443906442416,-0.0015047088474499093,-0.041076905029677646
2021-11-19,-0.008455748469549551,-0.016578824347700416,0.027274211722963848
2021-11-22,0.0024779416690119405,0.009961715772840218,0.055598911120080086
2021-11-23,0.016764739506885062,0.05462801958494712,0.026335410656323166
2021-11-24,0.026737530435106294,0.02050407447731839,0.023208635888865015
2021-11-25,0.009114787386872214,0.04406034248601931,-0.006762342347840011
2021-11-26,-0.01892485404207256,-0.038825110038571586,-0.026382931649959862
2021-11-29,-0.0065758465798541055,0.03512453955181383,0.012529041616637704
2021-11-30,-0.012356101874375969,-0.0013573568501480393,0.006474845350138425
2021-12-01,-0.006366300592719809,0.005776946835468477,0.004002897839758601
2021-12-02,0.037804022311352936,0.07630029842999875,0.04641873376174388
2021-12-03,-0.0034693129327805217,0.014104417788428636,-0.022043567672752618
2021-12-06,0.011749213747254128,0.004520186011408134,0.054264431291279225
2021-12-07,-0.012473215926604775,0.016268557012185658,0.00739078580960828
2021-12-08,-0.009581520100076735,-0.0003404934145498917,-0.007467330063442357
2021-12-09,-0.02682491502384099,-0.002044588238659939,-0.007655928178719851
2021-12-10,0.001355297356495866,0.012291168771332295,0.006251789730601365
2021-12-13,-0.0266242520563974,-0.006070965128664896,0.029213314145903668
2021-12-14,0.009735870587490147,-0.011876407181716231,-0.00012826961408141102
2021-12-15,-0.003214509144719657,0.0061812725569250215,-0.0056518662019540145
2021-12-16,0.010133664150035804,0.013310637074404275,0.03914228344954007
2021-12-17,-0.02188788084487181,-0.02357680624039904,-0.015788326842603895
2021-12-20,-0.015384541600387047,-0.028630888881907235,-0.011241697053606114
2021-12-21,0.0014202480501432913,0.0014205952707950775,0.026315885669003558
2021-12-22,0.003782824573411503,-0.0014185800426951278,-0.005227727319295883
2021-12-23,0.005181116589148438,0.006036995696449221,-0.009634744078229285
2021-12-27,0.010309636735391647,0.014825196645748218,-0.0025268417568716783
2021-12-28,-0.003710617282092099,0.0010436292191826624,-0.024065736110088554
2021-12-29,-0.008380084979281333,-0.008338999042610706,0.002595564907473147
2021-12-30,-0.016431690309421598,-0.0031535408093442685,0.009190895026982338
2022-01-03,0.027596026337087354,0.02249552333394278,0.0005130680497793527
2022-01-04,0.028358502580392075,0.003781507311315213,-0.011794801485717321
2022-01-05,-0.018986588708796992,-0.03869894177787869,0.009470591827733799
2022-01-06,0.020276049633134008,-0.0007123802151814962,0.020177518086822
2022-01-07,0.022132016459097015,0.004634601232688773,0.05820094413798427
2022-01-10,0.009279440888305235,-0.006032710676320718,-0.01190486766227905
2022-01-11,0.02232981967211667,0.029632524356884016,0.01903621027148894
2022-01-12,-0.004283217363113101,0.0305131566768182,0.01087734385655259
2022-01-13,0.01849518113827897,0.020188212011657658,-0.01520470806533969
2022-01-14,-0.007601419922939168,0.03726934772823021,0.0058195504884686056
2022-01-17,0.0,0.001589677869116679,-0.0051954590911093
2022-01-18,0.005957145025617505,0.004444363403660834,0.024451060684755
2022-01-19,-0.0067679536695615106,-0.004740655704260521,0.022013814149427047
2022-01-20,-0.00809215630855864,0.007303889976531197,-0.017005022609502762
2022-01-21,0.0004295869345400938,0.001576319118523628,-0.02075873734014222
2022-01-24,-0.0012879588737937375,0.005665766035053643,-0.012248417373666554
2022-01-25,0.03609840628767591,0.03255082476248705,0.002265358637185688
2022-01-26,0.01078343805814419,0.026674568326377157,0.0028552838704027916
2022-01-27,0.004924213261704891,0.00029531615019173785,0.0022536700258626308
2022-01-28,0.01224973759260517,-0.03955139728793,-0.009823565626936759
2022-01-31,0.02178295231873828,-0.005838663005598099,-0.03334921224992127
2022-02-01,0.007018249758382611,0.02009247853116558,0.05490299195302728
2022-02-02,-0.015692076025459523,-0.014545319220744313,0.0056266297854254965
2022-02-03,0.01155868253322101,-0.01383770223174341,-0.00046643673140867037
2022-02-04,0.003151833032537077,0.017461738083565992,0.026238906243753357
2022-02-07,-0.005498804005014901,-0.014710419859079393,0.024204752849589894
2022-02-08,0.011057730435281465,-0.009953308031215968,0.013979847619903785
2022-02-09,-0.0398432459875665,0.003770143522382252,0.00021898912605711196
2022-02-10,0.01912121221038876,0.015336138428366564,0.026911474046201755
2022-02-11,0.05908210344037368,0.04069083032685783,-0.020240769995379715
2022-02-14,-0.0022620350768667308,-0.02251196698663971,-0.004349172991557015
2022-02-15,0.00944467447769215,-0.015757560386617575,-0.029704248524300092
2022-02-16,-0.010478903803422646,0.013854492794483031,0.007315715793061228
2022-02-17,-0.013994094375956223,-0.003947536396581297,-0.04301650597139939
2022-02-18,0.003836101125503477,0.0060974969092240094,0.0021014791714459857
2022-02-21,-0.024455723173897215,0.02575743108973394,0.0008154917680109897
2022-02-22,0.009157076997737157,-0.003249265959848535,0.017345794998077313
2022-02-23,-0.013980685408355176,0.014226220841706994,-0.010527392375117017
2022-02-24,-0.016935564058088826,-0.024254863901087886,0.012374131229963448
2022-02-25,0.020432907454662974,0.018269072059810654,0.05414672408387178
2022-03-02,-0.016593405532876138,0.019705698820299933,0.07986554472656437
2022-03-03,0.0007990636142845009,-0.012402501453553705,0.0005017830979499038
2022-03-04,-0.015169856081503341,-0.0002920450164706212,0.02276813163894653
2022-03-07,-0.021483605355254398,-0.0709904672503201,0.030401305062122796
2022-03-08,-0.00952778508849772,0.020754707406404282,-0.043875601601822245
2022-03-09,0.049769628808745026,0.0030809354773040365,-0.026366783676629812
2022-03-10,0.0007968355921279535,0.03501213166103123,0.03301831648495113
2022-03-11,-0.01114624090324945,-0.035905066281768705,-0.0052414032989689385
2022-03-14,0.014090053582991757,-0.019082831058677474,-0.05362131133686199
2022-03-15,-0.0035730055843054,-0.024160598524971322,-0.028711835610278125
2022-03-16,0.01952241444062741,-0.00868160755070757,0.024277822561496132
2022-03-17,0.021883600201916042,-0.026597615747158354,0.03478560200956027
2022-03-18,0.007265260411895236,0.01999358370845239,0.01898197990178363
2022-03-21,0.024677070963200487,0.037569067289904945,0.028306643932375586
2022-03-22,0.01370933721072154,-0.004407894561205494,-0.022366129502335186
2022-03-23,-0.004386194688022149,0.01359907943362293,-0.0015527733184749204
2022-03-24,0.006608224178462185,0.011544365708465065,0.004769310953382622
2022-03-25,0.0018233799230915615,-0.0037015320757264325,-0.017335630195523533
2022-03-28,-0.0007284032231527071,-0.021671602737667106,0.0011551500401465464
2022-03-29,0.011658314734492858,0.02215166481757147,-0.008600811888352156
2022-03-30,0.0021601450225505747,0.021362440274952155,0.014282718974405473
2022-03-31,-0.012576454020425953,0.01394367132522456,-0.00281618384264537
2022-04-01,0.002827792881891167,-0.013154279748522124,0.014225693600619316
2022-04-04,-0.009078160370626365,-0.009390823197786724,0.01010731985230029
2022-04-05,-0.020153970002443566,-0.00948018133467965,-0.028895255086476057
2022-04-06,-0.0003737961248325705,-0.0009261767545172273,0.015140423852336937
2022-04-07,-0.0007481959294467488,0.0519159237761917,0.006007143030620554
2022-04-08,-0.0018719444261835472,0.004994096257320502,-0.02038507716940774
2022-04-11,-0.0037509103480863892,-0.007599909463401167,-0.012086010886165899
2022-04-12,-0.017695849167307598,-0.0029458794746496375,-0.006702239816307465
2022-04-13,0.002683421465312863,0.02127064051093619,0.00032127469206066905
2022-04-14,0.006498178286687528,-0.010435332034946287,-0.014025684696351237
2022-04-18,0.005697101038675267,-0.017588659876487278,-0.01650550191219846
2022-04-19,-0.01774963425809084,0.030273233800931942,-0.031909155271881984
2022-04-20,0.006535989803567288,0.004739257125632168,-0.02600338512824807
2022-04-22,-0.01947998224409253,-0.03899369496776728,-0.057962842978486084
2022-04-25,-0.003895792829504585,-0.014725048838746813,-0.017029067972483047
2022-04-26,-0.034024645538960896,-0.0016604116495683163,-0.013657110265058225
2022-04-27,-0.008097225163144706,0.0,0.053461510807164325
2022-04-28,-0.008162971816824127,0.006653358175997104,0.024704903316860705
2022-04-29,-0.017695307207594824,0.0006608887851162759,-0.010807526767596998
2022-05-02,-0.004291380754585905,-0.009907527595701793,-0.004442403212863932
2022-05-03,0.005052845026117803,0.009005952014122132,-0.005065143472542721
2022-05-04,-0.0012566187380786964,0.060165229721778735,-0.008363572087362381
2022-05-05,-0.023070850062020254,-0.0018710786942909285,-0.018090550098150082
2022-05-06,0.021468460038730264,0.03280256376471202,-0.007095992806413043
2022-05-09,-0.014291736214894324,-0.027223375149791895,-0.04099785763436392
2022-05-10,-0.005117363834625133,0.008706513493599521,-0.012419961675409597
2022-05-11,0.033433834959091246,0.034833349042604045,0.04169960687752261
2022-05-12,0.015761076364322335,0.0077452490920011385,-0.010039173595267847
2022-05-13,0.011841278228323704,0.013006116325924078,-0.0011554359206086273
2022-05-16,0.010492114929844032,0.009921271239387686,0.02994470767729185
2022-05-17,0.008785700118257411,-0.013001875996419887,-0.004242502857572772
2022-05-18,-0.014251360581483574,-0.016393671787408026,-0.025313497171316368
2022-05-19,-0.003212561987762208,0.016964388623866622,0.026613672215514583
2022-05-20,0.012490063189799505,0.019315126836506824,0.017658147010686465
2022-05-23,0.025865239843872567,0.03933407530737432,0.020428248732647036
2022-05-24,0.015127970166302296,-0.02722890917227927,0.013507027540410332
2022-05-25,-0.01795940538988372,0.014240372310308391,0.0030936701207719963
2022-05-26,0.01245158487425746,0.0024962897955780328,-0.0005930474686012266
2022-05-27,0.005380072647450662,-0.04761898776797746,0.017448301850395476
2022-05-30,-0.009174919166502149,-0.019934750307530447,0.010849097365612792
2022-05-31,0.00925987779677917,0.002334260613992223,-0.005078002946486304
2022-06-01,-0.013860449005121955,-0.0013307355504547091,0.023547300699819695
2022-06-02,0.004267007454510363,-0.00866093331664275,0.01881226124254498
2022-06-03,-0.009270136330776224,0.017473276247777392,-0.016017621330704945
2022-06-06,-0.0035089127666004805,0.000660385312935885,0.001017443431812648
2022-06-07,0.0,0.011881386203434818,0.023376498491341824
2022-06-08,-0.01917059902635665,-0.004892344851223918,-0.03442950131843281
2022-06-09,-0.017152013840878166,-0.014421599529677698,-0.033828725002358784
2022-06-10,-0.021915415123573423,-0.013967553536083477,0.00023678840530583223
2022-06-13,-0.0120332794806014,-0.012816121242250289,-0.03169357364637981
2022-06-14,-0.006719752544214752,0.011274306270680379,-0.001954064924208021
2022-06-15,0.004228296295347933,-0.01756749822584014,-0.0006118367333445285
2022-06-17,-0.012631418535458794,-0.06086674287527083,-0.05216114428339924
2022-06-20,0.04349718921316037,0.011351245710843783,-0.02467390099589284
2022-06-21,-0.010626108715523497,-0.019913043803172825,0.006622710392031994
2022-06-22,-0.007435245359642351,-0.002955525152090077,-0.008552866042256135
2022-06-23,-0.022887410361138172,-0.018525271576609437,-0.03649627290231183
2022-06-24,-0.00170380966412087,-0.007550211088819925,0.027823629626740898
2022-06-27,0.005972711834847599,0.06428340042552594,0.04596628363964528
2022-06-28,-0.011026086207815977,0.012508770002622072,0.017937176581868997
2022-06-29,-0.010291575576093503,-0.008824316909144203,-0.008307077187187262
2022-06-30,-0.017764656952499402,-0.005342094767172845,-0.028303072615642022
2022-07-01,0.008725611197318628,0.02148250144868724,-0.01906996954041318
2022-07-04,-0.009628004282251745,0.021380722992752288,-0.005725589964044597
2022-07-05,0.007070303705733583,-0.038091676712065925,-0.00495516717330724
2022-07-06,-0.009214781482356327,-0.012843753106546285,0.009421204950275763
2022-07-07,0.014172177342242742,0.029273728684860112,0.029066661767952917
2022-07-08,0.00043652650986225616,0.011235862119164386,-0.02306289782581683
2022-07-11,-0.016149967777923213,-0.004860954499829928,-0.03408478642665058
2022-07-12,-0.002218259699772296,-0.015003775073710757,0.0030203490200872984
2022-07-13,-0.0040022825157105535,0.000708659152034441,-0.0034221182237262893
2022-07-14,-0.011160174291249492,-0.026902750869908898,-0.06662098366685565
2022-07-15,0.018058470636860946,0.017097333894824818,0.0061811202779564756
2022-07-18,0.013303721940691293,0.02288965161694123,0.005265488323663137
2022-07-19,0.03369788887609548,0.020279829389122428,0.0021824224354471955
2022-07-20,-0.01270099678778458,-0.00034267842593660447,-0.021631818484527887
2022-07-21,0.008147222882807226,-0.005142399891215899,0.017509979382197116
2022-07-22,-0.010633749036511597,0.01068229758767747,0.009333617941940986
2022-07-25,0.01461758602533525,0.0467100647958143,0.018494458087459087
2022-07-26,-0.005508294860904872,0.010097580567839382,-0.0018441765832037937
2022-07-27,0.0034088113048256208,0.010964368082699183,0.002273848940284706
2022-07-28,0.006369127078652559,0.029983763663984586,0.002410813832398606
2022-07-29,-0.003375669536263448,0.05760316585417602,-0.013297522297185282
2022-08-01,-0.0056072706026873975,-0.013762844792954199,-0.023942733079298395
2022-08-02,0.010652067053965819,0.004453794801567934,0.031874168033882766
2022-08-03,0.007166641547923236,0.0005908878723612787,-0.038861176594369606
2022-08-04,0.02427796719996289,0.010635334389852424,-0.0057759697381148944
2022-08-05,0.0187984231583902,0.01929274051312202,0.012959859053755851
2022-08-08,0.01243498743149063,0.05047308484103752,0.008529419616807088
2022-08-09,0.02614926766671899,0.016380003187350223,0.020705880832877277
2022-08-10,0.01853252895592994,-0.003223361215498266,0.0007143528106328123
2022-08-11,0.001516595334073445,-0.02317424913347077,0.03483198429499401
2022-08-12,0.012111665310111874,0.07425999203845302,0.012798960931786452
2022-08-15,0.00860113644452265,0.00031525219138295313,-0.021490092067803612
2022-08-16,0.011494411183015085,0.009142427197505576,0.02225454523575654
2022-08-17,0.0025661126828622205,0.023430201925105143,-0.022772766586591553
2022-08-18,-0.0029255096821767523,0.020146794479364072,-0.007474678926613687
2022-08-19,-0.011997186598604714,-0.050568724731544834,-0.01122272683726322
2022-08-22,-0.011261259094886289,0.0214310085201479,-0.014635448978337795
2022-08-23,0.0026573275396155616,0.0317801403800142,0.06411013482377514
2022-08-24,0.00416516457984395,0.005980932343209178,-0.032189171218849566
2022-08-25,0.012443341757366388,-0.010701650517525252,0.01942607312967204
2022-08-26,-0.0059587350651210125,0.010817414709246798,-0.015013674648445385
2022-08-29,-0.003372400654510721,0.02497026444361672,-0.019346276524423334
2022-08-30,-0.004511321492452369,-0.05945474421027597,-0.028994130083972225
2022-08-31,-0.025301892819675875,0.024668470217525718,-0.007234147186092388
2022-09-01,0.015417340531372226,0.018657741690642826,-0.009457437905823318
2022-09-02,0.013745994164698905,-0.012702838210301381,-0.015182324167926864
2022-09-05,0.016195502972124354,-0.0023939572177312796,0.03655429707476143
2022-09-06,-0.009265955685476723,-0.03719258646932788,-0.023765554882329232
2022-09-08,-0.007108078039733456,-0.009345734821162854,0.013193150911271267
2022-09-09,0.007912393030679032,-0.0003144748752154092,0.0781273527352464
2022-09-12,0.012336319134398588,-0.009751557956343748,0.008770514232790516
2022-09-13,-0.010339451823821788,-0.026365813754611334,-0.02722354354653367
2022-09-14,-0.0037315512537041684,0.015334285492557553,-0.018314988540337307
2022-09-15,0.0026218375496496193,-0.0019279613332273682,0.020149257164236545
2022-09-16,-0.0033621494289107767,-0.009014728617060874,-0.0014630914367516068
2022-09-19,0.037481439077731604,0.015919312773044147,0.03238103581622509
2022-09-20,0.033237123151089065,-0.005756372642782059,-0.014334498956683706
2022-09-21,-0.010489895895903434,0.0025732523719379508,-0.014398662624718783
2022-09-22,0.020141738757399663,0.024703163953650353,0.022936404608263183
2022-09-23,-0.019744059077450915,-0.06261718239695324,-0.020708477130484848
2022-09-26,-0.021554582069125305,-0.021710188108671424,0.0021875959816912705
2022-09-27,-0.005777821983774745,0.01297360222103805,-0.014842763196154407
2022-09-28,-0.0003635806305157807,-0.013481483871428557,0.00945344501558254
2022-09-29,0.01489816711665548,0.0013667528049234878,0.0013169598664353188
2022-09-30,0.004654580363990801,0.01671765724050056,0.052754513011791904
2022-10-03,0.06089548043708848,0.07986571873641712,0.027207177991766418
2022-10-04,0.0016808078429288997,-0.025170989716489567,0.024189245181292396
2022-10-05,0.0,0.037615526263989896,0.015437299327613507
2022-10-06,-0.018120947916933083,0.034101401938292364,-0.022479033158486206
2022-10-07,0.002050629818948435,-0.0008912924924320276,0.003721772275633528
2022-10-10,-0.010573141954026699,-0.0112995590190752,-0.020129729701783283
2022-10-11,-0.006893947242524012,-0.007518585480463247,-0.006757755444079083
2022-10-13,-0.005900572598134035,0.02848482057009938,-0.017825559262287127
2022-10-14,0.00034857454258152565,-0.015320970884363572,-0.032557390472697234
2022-10-17,0.00802821606512616,-0.0008976929586149707,0.015752461363466086
2022-10-18,0.024584384101612455,0.02455811188819612,0.014521446647984604
2022-10-19,0.00033824837693630094,0.035369878975691105,-0.011812102804712343
2022-10-20,0.015540235352793808,0.02964433339938677,0.01279702107390257
2022-10-21,0.03326674454014622,0.034274470672862156,0.02929739042712498
2022-10-24,-0.04539563181898909,-0.09199341473346834,-0.02967758199418946
2022-10-25,-0.008094721931355853,-0.021022207941502558,0.0
2022-10-26,-0.02142112005414154,-0.02445547142749882,0.022243858838645547
2022-10-27,0.0184155090367355,0.007642928902877877,-0.03563165217459341
2022-10-28,0.007847143629629683,-0.011832658029742316,-0.04879436280044036
2022-10-31,0.029112989149743473,-0.08474047973220078,-0.004744166111232295
2022-11-01,0.0025559735956619534,0.0016773399704599345,0.030388713561523062
2022-11-03,-0.007222669206265797,0.003014095000921646,-0.029203370398848794
2022-11-04,0.003637701814452887,-0.05509188711233248,0.07594935062729569
2022-11-07,-0.02273511232725256,-0.04063610285073471,-0.005259394622527669
2022-11-08,-0.0030342335975668266,0.007366704567827842,0.030332494432981694
2022-11-09,-0.048022005152436265,-0.016453540465255934,-0.01215402015188416
2022-11-10,-0.018827630130709427,-0.02899627202527577,0.019138703902211507
2022-11-11,-0.0322227907322733,0.0333076228288578,0.10395733222352832
2022-11-14,-0.002992926563796683,0.026306226008754985,0.012271842881064643
2022-11-16,-0.014258970917760294,-0.019855665191362615,-0.010442696746710611
2022-11-17,0.006090452446127603,0.0003684698046531043,0.008005706505281429
2022-11-18,0.007945825471391332,-0.016936574296603668,-0.027316335441936235
2022-11-21,0.0030029309271484284,0.0029960021602251086,-0.011258402510227583
2022-11-22,-0.016467150409261944,-0.06796655690422149,0.0027528419091675804
2022-11-23,-0.010274092586537109,0.004714910683629947,0.009857641963998187
2022-11-24,0.035755572796160706,0.0345562707624103,0.006425415940208179
2022-11-25,-0.035263539581701586,-0.016082373931671223,-0.0067526378437572365
2022-11-28,-0.018083761964815648,0.020955709277481915,0.004944362429956994
2022-11-29,0.008620789489625302,0.041871725737511634,0.038622503651959406
2022-11-30,0.010100905274811778,0.05043348169586226,0.015040207981274145
2022-12-01,-9.060808407734822e-05,-0.04013503841926036,0.005483757290700275
2022-12-02,0.013472424062397348,0.01250470101541934,0.0071940747946313
2022-12-05,-0.02924474506717578,-0.011192326421797572,-0.00103681915246423
2022-12-06,0.023083209859644516,0.0007804078115696278,0.014531244557270062
2022-12-07,-0.007266355571531435,-0.011310385741894469,-0.035580342607398285
2022-12-08,-0.03505331065122386,-0.02248515432849918,0.01225815291379595
2022-12-09,-0.00951889483506485,-0.0028248108707360498,0.03330240594801093
2022-12-12,-0.009452884142595153,-0.032375667509169315,-0.02986245381177255
2022-12-13,-0.0377599276948003,-0.024675920496913584,0.004219368497502041
2022-12-14,0.0043122684704439695,-0.07933107096085412,0.008472560137257057
2022-12-15,0.0055817827999162795,0.026548930873633525,0.003222425735854184
2022-12-16,0.011101598886118502,0.00045362422512962297,-0.017093167795244724
2022-12-19,0.029982958976066287,0.014965909585477055,-0.0036179464771924907
2022-12-20,0.010660199850203611,0.03083119993950989,0.0044510636654537805
2022-12-21,0.004056517405021776,0.021673234100283656,0.005714425584349758
2022-12-22,0.002020626843249662,0.01781932026599109,-0.005681956466945914
2022-12-23,0.01572571567164971,0.0471027132148496,0.006647307740068165
2022-12-26,-0.019849334141807673,-0.007165581336098237,0.00915216506349581
2022-12-27,-0.005670240239125879,0.006816420180197014,0.023877661745153267
2022-12-28,0.020366680327408515,-0.012345780598521983,-0.0022424258147820675
2022-12-29,-0.0019960936327547696,-0.012096619549627152,-0.0012360255364739503
2023-01-02,-0.01970802041611497,-0.06448991391986814,0.005850595997500152
2023-01-03,-0.020824520096906163,-0.02530525968846653,-0.001789703689341282
2023-01-04,0.0029194376548971057,0.03178154049967419,0.0017929124714060052
2023-01-05,0.031184701867071674,0.0360085931626144,0.016778572298153938
2023-01-06,0.017338587471150246,-0.005862690284658134,0.015841534866008145
2023-01-09,0.007134419590122398,0.005476123445789627,0.0010829648421735172
2023-01-10,0.019283792715053094,0.009216351186517313,0.012332354989911476
2023-01-11,0.01737438276138037,0.00788740321321324,-0.0035264177718064005
2023-01-12,-0.014041474519571051,0.014414910009580062,0.005254600012143618
2023-01-13,-0.005004321383236809,-0.002435814445210238,0.000853476425526356
2023-01-16,-0.010830935441540457,-0.021571238552459127,-0.01673412773331906
2023-01-17,0.020726869904732936,0.0615642183897962,-0.001300892233825457
2023-01-18,0.018007299515995445,-0.017633301441118188,0.013133666338862149
2023-01-19,0.0,0.0327085626027519,0.004285340235743673
2023-01-20,-0.01768877249166778,0.018539801275744505,0.0026670319117609864
2023-01-23,-0.030651378169602395,0.01592711477305775,0.0032982879796041864
2023-01-24,0.009090644115856472,-0.0070920973217256655,0.010604447768298497
2023-01-25,0.003525020396395906,0.012781940021071359,0.009443737932915086
2023-01-26,-0.0058540712770134284,-0.0256124278335238,0.018711201922739118
2023-01-27,-0.021201574415335656,-0.023999917775975432,-0.027347243419260092
2023-01-30,0.00040150453135323616,0.005074083755640446,-0.0035667744955537595
2023-01-31,0.01563699455502987,0.012427068114322815,-0.004948253703994765
2023-02-01,-0.013129844455589068,-0.013808733507641446,-0.011109988047497521
2023-02-02,0.009207583632694138,-0.046285629613610824,-0.04622305724599185
2023-02-03,-0.0035704744300025792,0.011011451229589575,-0.0021313500154315212
2023-02-06,0.0003985222352713702,0.0399355955261278,-0.012479075212747048
2023-02-07,-0.023080294696022685,-0.006206434951195217,0.006602908949256525
2023-02-08,0.08268839745199497,0.01678366674233689,0.0033930464895539636
2023-02-09,-0.024830717014128867,-0.004606400926196463,-0.003719706841123882
2023-02-10,-0.004629408604878815,0.030466562328492985,-0.017988369467878185
2023-02-13,0.035270982365640524,0.002993824083518115,-0.0010368410014350848
2023-02-14,-0.012354829195293182,-0.003731125746883057,0.004497759090808184
2023-02-15,0.014783880345093259,0.0014980013005743142,0.021813864505302982
2023-02-16,0.0074710742840142785,0.004113708972347974,0.0021348178237787785
2023-02-17,-0.003336546838993093,-0.015270086956189921,-0.013005702378413253
2023-02-22,-0.018601655857624744,-0.02571864471122043,-0.007611125998626678
2023-02-23,0.003790657462972913,0.030667696871164773,-0.004693303817497774
2023-02-24,-0.03058837539660264,-0.024481936023831752,-0.02196642520940084
2023-02-27,-0.01285569047893742,0.009652439649918465,0.0
2023-02-28,0.003551169098420015,-0.03479929865816889,0.0032922262068646457
2023-03-01,-0.016226287751841095,0.0023772839387234956,0.04547605054407877
2023-03-02,-0.03279988306518167,-0.02608722708169986,-0.002242288867870812
2023-03-03,0.0012410672235743103,0.04301965304106914,0.003370819478069942
2023-03-06,0.022717388447278664,0.010116912076449713,-0.03527441323774805
2023-03-07,0.002827241313480444,-0.033128029128306924,-0.00951809015914551
2023-03-08,0.012485213126826267,0.012749157826426494,0.009140757953377321
2023-03-09,-0.01909360927766124,-0.004327457858153916,-0.013122688766284973
2023-03-10,-0.02392509808305332,-0.013038191225725138,-0.003294913062669158
2023-03-13,-0.012048075930655489,-0.03162549403939896,0.004132392746726277
2023-03-14,-0.0033645576247102182,-0.01777584297550061,0.009103977865720925
2023-03-15,-0.002531468059181252,-0.01767675588027995,-0.03012641520103243
2023-03-16,0.01649783038977759,-0.0034275967557156894,0.0036834026519809715
2023-03-17,-0.028714506986256882,0.010748135005097303,0.011987804836949056
2023-03-20,0.002570870688526128,-0.024670348530718922,0.008219205785983785
2023-03-21,0.0205130385349519,0.020496912356561037,-0.008392307399878285
2023-03-22,-0.005862853085270903,-0.0029912568985501764,-0.012452923687118811
2023-03-23,-0.024852496972683658,-0.022717689507856242,-0.025710108361478023
2023-03-24,0.014505453244247901,-0.00043842863701415435,-0.011435070432296413
2023-03-27,0.017226385156840607,0.017112810249014343,-0.0016526232321487644
2023-03-28,0.004656886692814943,0.017687518830890037,0.010568045016271954
2023-03-29,0.009692381647933068,0.013141270778148195,0.014363119395165658
2023-03-30,0.027545860747804962,0.0029288205790352073,0.016271109245898696
2023-03-31,0.004873935626018788,-0.02169374240778854,-0.01869941969154909
2023-04-03,-0.028004915594017965,0.04434981192594023,0.00024899977395986816
2023-04-04,0.019975360557217492,-0.008983304140395498,-0.02826551052081827
2023-04-05,-0.0008161326781271905,0.003296113916308574,-0.014736090889752473
2023-04-06,-0.0032670850735814216,-0.014373683945152926,-0.001820593640567747
2023-04-10,0.010651846054922087,0.021249904215452142,0.019283299929171216
2023-04-11,0.032428133131280124,0.04691970988838512,0.052793090968420664
2023-04-12,0.006674256651135302,0.007404480846192829,-0.02136964858616286
2023-04-13,0.0,0.006963226262246547,-0.01352348444780338
2023-04-14,0.014430687641234785,0.010372678145740277,-0.00880395216431118
2023-04-17,-0.0019224547635194877,0.015589618850018416,-0.011927531468420738
2023-04-18,-0.000770653448978198,0.02545846682520536,0.008604038912771061
2023-04-19,-0.01580576451381599,-0.03212855561834205,-0.02915699727816745
2023-04-20,0.0027423417195873157,0.006789931888763423,-0.020852433074015964
2023-04-24,-0.008984085775004536,0.01910838498351053,-0.03616384915387394
2023-04-25,0.009065531285670891,-0.004044138165523625,-0.027237369795827138
2023-04-26,-0.010156482586496929,-0.012550803482630046,0.0038570323249909055
2023-04-27,0.017758920468778028,-0.024299271600833117,0.02120409864545203
2023-04-28,0.005040508553875833,0.022881635926957467,0.00891848562773756
2023-05-02,-0.038697097482015774,-0.04050629980521958,-0.03950270191880445
2023-05-03,-0.0016063769385137316,-0.003517977254404503,-0.007765452657218841
2023-05-04,0.008044586962941969,0.015887121482748068,-0.031014366873558852
2023-05-05,0.03711138264796321,0.04257146145897517,0.03260537625933502
2023-05-08,0.013851377278543353,0.021249983262209282,0.013470526570578345
2023-05-09,0.006071922439822464,0.0032641108302216004,0.010290187541250662
2023-05-10,0.014711685550450992,-0.002440010425571959,-0.018814742376892957
2023-05-11,0.009665389214838838,0.03668974138106296,-0.01946361858913992
2023-05-12,-0.009204964199493681,0.03224558108659825,0.0010292637493882761
2023-05-15,0.0037163358402874103,-0.022476296335821377,0.014394876367013199
2023-05-16,-0.0033318205162377046,0.02494140309777282,-0.020561854681149128
2023-05-17,0.010029283628858465,-0.024334467338708587,0.03311653191593211
2023-05-18,-0.003677863216867472,0.005845512123574315,0.0014309677419355182
2023-05-19,-0.00812088404560496,-0.001549705029804782,-0.011003107954051683
2023-05-22,-0.01898038951411818,-0.005820678490924713,-0.016038289408362605
2023-05-23,0.007966505725369721,0.024590311368566597,-0.02261373215659679
2023-05-24,-0.005645475730433058,0.015237979082889375,-0.022686211441749315
2023-05-25,0.03141576612983199,-0.007504747845978432,-0.0030745128697144963
2023-05-26,-0.007706214225103647,0.013232530211765292,0.022821946640597
2023-05-29,-0.004437734737163357,-0.004104627966901475,-0.007538220126358963
2023-05-30,-0.014116027907554063,-0.011240082630828208,-0.023545551019799382
2023-05-31,-0.007912473105540996,-0.010231210326746676,-0.007311673974651933
2023-06-01,0.014732330789461567,0.03215942366093416,0.021156582006738978
2023-06-02,0.014606751380245253,0.008160311217712213,0.04266423816682918
2023-06-05,0.0022147552514788504,0.010669462390850537,-0.008242519458852016
2023-06-06,0.0069979771637940225,0.021113874182023373,0.003264978461342105
2023-06-07,0.002926272572562727,0.029233534513320336,0.015828336858629388
2023-06-09,0.013858838845665078,0.048839853942499234,-0.004514223308559551
2023-06-12,-0.010791743309909174,0.01750314964579691,-0.018139215389424757
2023-06-13,0.011273081552225728,-0.0019513018814565353,0.010577931473835234
2023-06-14,0.013663791888088417,0.042966035586874174,0.017543768954804806
2023-06-15,0.013125292265364852,-0.023588151861093642,0.007823741620711644
2023-06-16,0.0031514770076481735,0.008506247386575128,0.0015815077448582127
2023-06-19,0.013612572659959632,0.02631610526096506,-0.003875445900968222
2023-06-20,-0.00047640735604681517,0.004930844243034693,-0.025792293544394607
2023-06-21,0.009735772991282587,0.04187123065659115,-0.010057831288880381
2023-06-22,-0.009641901625848992,-0.012558975448899501,-0.00537882480757379
2023-06-23,-0.0031292948814223287,-0.041017380945423065,-0.010064465736540074
2023-06-26,-0.001395258357787088,0.022546363542705672,0.0021243617014079508
2023-06-27,-0.011177188155549023,-0.007782093269235735,0.01196244254529244
2023-06-28,-0.005651620978668115,0.009477106740240826,-0.03157250350682328
2023-06-29,0.012078533629731547,0.004532221866455188,0.012206343986159052
2023-06-30,-0.0024569612232647753,-0.04834031254315585,-0.01969164739838869
2023-07-03,0.019633462561766457,0.018625019668853993,0.03129864916873548
2023-07-04,-0.006215539082073396,0.0023270388194533975,-0.004982619788375775
2023-07-05,0.00868652313994378,-0.0013266358216209584,-0.008801274541006876
2023-07-06,-0.014811895566316569,-0.01527728716098542,-0.007195259766792139
2023-07-07,0.018880945688577455,-0.005059089244936921,0.009406241618949984
2023-07-10,-0.006520283276047367,0.0016950022271440268,-0.015276586965485173
2023-07-11,-0.017616604703313055,-0.013536302115596088,0.032888677857462856
2023-07-12,-0.005977218524737982,0.0006860243046657999,0.007059242912637043
2023-07-13,0.010965417940776323,0.015769595329024444,0.02326610137442109
2023-07-14,-0.010496904723545364,-0.019574721608846324,0.0
2023-07-17,0.01944826610302286,-0.002065255612725192,-0.011077086937211766
2023-07-18,-0.019423792434191678,-0.0055193675493617755,-0.006337435142786618
2023-07-19,-0.01061219974172245,0.009365409168035965,-0.002669903183131761
2023-07-20,0.01859153332781993,0.0010308045506763897,0.002230875540984556
2023-07-21,0.017901229862033574,0.018880967579502972,0.006083955267426555
2023-07-24,-0.01586224980955775,0.020889387284713345,0.030235896826640518
2023-07-25,0.002102303811058359,0.023102367877669838,0.030923459673613207
2023-07-26,0.005594255834967754,0.0,-0.0034715328601203632
2023-07-27,-0.02225348094726587,-0.05193561053803952,-0.018673602832247393
2023-07-28,0.014936513589913991,0.012589459127171576,-0.039619436815028664
2023-07-31,0.003503712849271423,0.0453630271747143,0.02262311923669902
2023-08-01,0.0030621543487701075,-0.016393493602425258,-0.013880871192833766
2023-08-02,-0.003134647814488245,-0.0022876800959928945,-0.016275661838010547
2023-08-03,-0.0076871569985635935,0.012774285233902338,0.006260417727541379
2023-08-04,-0.018309651799433224,-0.029754239279935812,0.0007406015723814274
2023-08-07,-0.007891094814104993,0.006333430678312935,0.005032526837412066
2023-08-08,-0.002169421670007332,0.0009935877679563276,-0.0064801704732574406
2023-08-09,-0.0036228756783368565,0.007941847975100336,-0.009042467757425121
2023-08-10,0.003272473366508599,0.005581263872705966,-0.011817423965680307
2023-08-11,0.00181243848108803,-0.0022854393121201078,-0.008325661880792423
2023-08-14,-0.014471803468933286,0.002617674301503392,-0.026599858414669497
2023-08-15,-0.0055065796275678425,0.00718022782304395,-0.009854700358521984
2023-08-16,-0.0007381558043584313,0.022034945369047154,-0.003915801850398082
2023-08-17,-0.011821422371436907,-0.0031705591962816193,0.014086864003299393
2023-08-18,0.007850873767500488,0.0025446777978332946,-0.011145225988525298
2023-08-21,-0.004080237252164554,-0.006979763308406772,0.0013066802648467046
2023-08-22,0.01564215200877861,0.015233540315641614,0.020881029124083295
2023-08-23,0.012468109129310845,0.053250685503361206,0.007350497548292978
2023-08-24,-0.011590217959030036,-0.0015508747623995678,-0.013324845345294323
2023-08-25,-0.015756628047197574,-0.006834550506498949,-0.0020899886541462243
2023-08-28,0.03387954549954286,0.011260655325334934,0.014338658191015874
2023-08-29,0.015844509482934255,0.00216511269090236,0.03192500134386256
2023-08-30,-0.019142200066114334,0.0067900839260262025,0.00015395428627962282
2023-08-31,-0.00867366685333526,-0.020846009055854098,0.001538931717229186
2023-09-01,0.008669633995386894,0.021603042390496707,0.058543241791096934
2023-09-04,-0.009042000427368024,-0.010419934813877041,0.007403126278917149
2023-09-05,-0.01496333978783182,0.03344692370148139,-0.004322687417584237
2023-09-06,-0.009633318267198265,0.004495073825874885,-0.01606374634547003
2023-09-08,0.0014965507209270257,-0.0035799831994849374,-0.018826186745078854
2023-09-11,0.025401724240093015,-0.0008981908655179005,0.014390395410958101
2023-09-12,0.005828692334894692,0.004794712559142322,-0.0007386268955473785
2023-09-13,0.005070342420221641,-0.014912080280976903,-0.0038451515178535844
2023-09-14,-0.0039635824124970576,0.025431482127675542,0.04097393033357677
2023-09-15,-0.0021711636660293188,0.0005904307490118832,-0.008271447383321529
2023-09-18,-0.002537683798227941,0.007081716052633746,-0.011791887983811922
2023-09-19,-0.0029624466323951992,0.002344133286251049,0.001891695179368602
2023-09-20,0.016936394950695988,0.002338330692278845,0.0066812477011140015
2023-09-21,-0.022809517393617917,-0.015456290415162388,-0.02611460714013103
2023-09-22,-0.0025935373557518515,0.007997598106284087,0.0074074639712236046
2023-09-25,0.002971707291968162,0.0064649266953911155,-0.020588334144961862
2023-09-26,-0.014814512066306906,-0.023065659527074844,-0.015615583691909074
2023-09-27,-0.001879773813437624,0.03167946713400793,0.002135369838787371
2023-09-28,0.02636518270866328,-0.0020277549454416066,0.015220817761104177
2023-09-29,-0.0014674164189443228,0.005515294120642444,0.013193448307939226
2023-10-02,-0.009280817095554394,-0.015011703586784164,-0.008730482692403618
2023-10-03,-0.012620188297364665,-0.004396106516815768,-0.006120267510188682
2023-10-04,0.022932525974244777,-0.03974103010239827,-0.010663730884563072
2023-10-05,0.01580247741429064,0.003372228843030456,0.00045540460214810174
2023-10-06,0.009406891423362485,0.023831261341021648,0.014567494308189044
2023-10-09,-0.008602355499142789,0.04297246047416192,-0.007179310169777908
2023-10-10,-0.001084539883954183,0.007438961966204083,0.0060259723135358545
2023-10-11,0.01266735027369692,-0.00255597829107701,0.008685216760152104
2023-10-13,-0.010364527288121428,0.03302956155592929,-0.011431128553147318
2023-10-16,0.0014442280298845311,0.011025404303606656,0.01066242196914291
2023-10-17,-0.014785181899567679,0.026990102431006413,0.008172235871596767
2023-10-18,-0.020863785939722823,0.02256439696975976,-0.036698558098674616
2023-10-19,0.011589193062673697,-0.004672973672612102,-0.014381928313104586
2023-10-20,-0.0036957192780382453,-0.012780397580595682,-0.027010263661664924
2023-10-23,0.0011125995756218199,-0.06605004585732566,-0.0019143271123908123
2023-10-24,0.0,0.014992973969765622,0.022857965878182895
2023-10-25,0.0018527025886438953,0.005295328502416208,-0.000937568486269913
2023-10-26,0.024777982139339683,-0.010257661938806617,0.021429754730158512
2023-10-27,-0.014795944749153578,-0.007282911530797964,0.034762367584840526
2023-10-30,-0.00805889002879201,-0.010158023146080719,0.009027764434416552
2023-10-31,-0.0096011240185645,-0.009692202295637609,0.01202689033293547
2023-11-01,0.014090094084695526,0.010938349393151192,0.019130466158308934
2023-11-03,0.02759399658593331,0.011958984566454056,0.012514333044425063
2023-11-06,0.009308947772657561,-0.0008441073670636401,0.004213473937722423
2023-11-07,0.028024166738165768,-0.016614983001316475,-0.01986030066498201
2023-11-08,0.004485740978622532,-0.021477750555899622,0.0007136423507636547
2023-11-09,0.004466077422755399,0.02077851488918614,0.0048480592439497094
2023-11-10,0.011969873473835602,-0.004587064764972726,0.015325707246649944
2023-11-13,-0.006759359637896201,0.027937757959655363,-0.002096465551274629
2023-11-14,0.014971152264422027,0.013729268531882166,0.030952485864859547
2023-11-16,0.016091228694682158,-0.017413067429442597,0.006656458313653246
2023-11-17,0.0046188030020228865,0.03263020598215549,0.0018894662567889853
2023-11-20,0.009852685683519713,0.0008172791294940307,0.024515034824327264
2023-11-21,-0.00162604929753829,-0.010343052276206355,0.024191634054737232
2023-11-22,0.006188823939156318,0.0048944154272951845,-0.009505953463293193
2023-11-23,-0.0012950654611796342,0.00028446142944571484,-0.006279287143767909
2023-11-24,-0.005510491907752546,0.0028433553723248295,-0.00846993435223764
2023-11-27,-0.0026075980521543807,-0.005670587249928194,-0.005966156410274648
2023-11-28,0.009804211088433767,0.01511251373687128,0.0021824918073714006
2023-11-29,0.006795699126280974,-0.010393062361560013,-0.00027209698106533953
2023-11-30,0.015429424932401403,0.019301721682159823,0.005445925401116769
2023-12-01,-0.002291753777756478,-0.006683384738146891,0.01855103734121788
2023-12-04,0.0012697875222211774,-0.021306487851246114,-0.022467373826555503
2023-12-05,0.008243534208071113,-0.004583145394226329,-0.009247981033677632
2023-12-06,-0.008805164590868442,-0.035971284725498154,-0.006588688486769523
2023-12-07,0.011103953986414616,-0.0023880633208795965,0.0031779143167660617
2023-12-08,0.012650023200482696,0.032016716287489144,0.0027547457607075554
2023-12-11,-0.0068707074686267244,-0.0037691474249245127,0.0008242570671248561
2023-12-12,-0.0050313185427579565,-0.008148830768368698,0.0017842144765771728
2023-12-13,0.030341236596617582,0.01437776937972779,0.0001370077962605798
2023-12-14,0.008281839631971266,0.021695057605370716,0.005479561107832875
2023-12-15,-0.004258661209773362,0.002265083806308521,0.0062669612246193385
2023-12-18,0.0048884373841084905,0.012429359335892842,0.004738661218038676
2023-12-19,0.0006079406261900733,0.01143972138318139,0.007007090613541989
2023-12-20,-0.01033105442941662,0.0035861485476196275,-0.0032114363162653037
2023-12-21,0.006754845999111803,0.0002747770409063932,0.03329295946374411
2023-12-22,0.015858226655774743,0.009618251084618112,-0.007535369636487377
2023-12-26,0.010207154035901222,0.016058733513038437,0.0035345643217223888
2023-12-27,0.0068347591082644765,0.0008036355358109759,0.009652896902815344
2023-12-28,0.002656813860731244,-0.003212031496080736,-0.0025840917677104613
2024-01-02,-0.012734224929978999,0.014500399778767159,-0.0019428608159611782
2024-01-03,-0.011038112149439394,0.031233700631348116,-0.005191414984748288
2024-01-04,-0.0066363409271139595,-0.008470347926258559,-0.01343760171481212
2024-01-05,0.023382810467923232,0.0023298417683554895,-0.012827360877962213
2024-01-08,-0.01068256465457762,-0.007489757279576015,-0.005090396591927782
2024-01-09,-0.0005998221178686869,-0.00858702926535615,-0.012656456733241339
2024-01-10,-0.0009001535429368213,-0.009186219065322798,-0.015000785106936365
2024-01-11,0.0018020089290169405,0.008476763538241672,0.0052609457294114925
2024-01-12,0.0011996033515582205,0.0026267614713659793,-0.012670423089331306
2024-01-15,0.0017969306765364124,0.010741409915948186,-0.0019528913648907409
2024-01-16,-0.014050775023538575,-0.012441766493337725,-0.012997766789655585
2024-01-17,0.000606611240599797,-0.0057742700024008276,-0.017983662437553227
2024-01-18,-0.004242818555463823,-0.003959835969347902,-0.005046963972295315
2024-01-19,0.0024347403849389604,-0.00530079478017087,-0.013043396819241937
2024-01-22,-0.01639355239864093,0.004529690015657506,-0.004405235385154693
2024-01-23,0.0046297158299060115,0.012466888707578283,0.02064888997423342
2024-01-24,-0.004608380338502527,-0.007597678690145826,0.010115603784239369
2024-01-25,-0.0021605723314356284,0.03695877077556098,-0.024606530820754147
2024-01-26,0.014846774474621904,0.017311670433776127,0.019360416408806147
2024-01-29,-0.0051809694384037375,0.01526529719422931,-0.0047482283140439785
2024-01-30,-0.0064338118552143,-0.006162173794183157,-0.005638190566162882
2024-01-31,0.010792292498021716,0.010912551291797357,-0.014829913031073838
2024-02-01,-0.0022082478763510993,0.019872561889871854,-0.004574922341601728
2024-02-02,0.0015294015938991379,-0.012990077485028895,-0.020311325539285052
2024-02-05,0.018937144797716687,0.00438692776139149,-0.00862593640144016
2024-02-06,0.04286575886716815,0.009221189239893457,0.017707212148984297
2024-02-07,-0.00718618145976635,0.014666952810276523,0.0019498705192297905
2024-02-08,-0.019687048453813527,-0.008056836995523398,-0.008832299366485552
2024-02-09,0.012699404083222676,-0.0133779455981482,-0.00438001883837702
2024-02-14,0.0,-0.0075060242595071935,-0.0030338978223743984
2024-02-15,0.008457055765025867,0.0319587944628934,-0.00319543761561214
2024-02-16,-0.0011568484838802018,0.009219958983606613,0.038009427525251605
2024-02-19,0.011001827908947437,0.004919200104044785,-0.007500010578734506
2024-02-20,0.02176405760189959,-0.010489472654552023,-0.021929052366942203
2024-02-21,-0.005605246551268928,0.0014132277245144653,0.007574402542603886
2024-02-22,-0.005672476965387974,-0.007527715270009949,0.01067522903454643
2024-02-23,0.002927407124541981,-0.006873249030697637,0.002380221070952926
2024-02-26,0.0029187122863598702,0.018854212304794782,-0.024191145564535388
2024-02-27,0.01222373979056468,-0.0014053445228726646,0.0263118795028785
2024-02-28,0.000575014807962404,-0.05160695281312566,-0.01096635924827949
2024-02-29,-0.0247128314984969,-0.007172975631154155,0.0037458128360139398
2024-03-01,0.004352814556626727,0.0009968094868402222,-0.0016419281325845692
2024-03-04,-0.007631529925280489,-0.002488951323461608,-0.0022427970448879453
2024-03-05,-0.0008871106127640305,-0.0029941150221091117,-0.013187592474424248
2024-03-06,0.010953079050569858,0.022022122186138526,0.013667555855079616
2024-03-07,-0.01054182507430701,-0.011018504124883366,-0.003445761307252271
2024-03-08,0.009174340541734605,-0.09135941120106827,-0.00766673623146974
2024-03-11,0.004985364810066617,-0.02861029909823154,-0.03105594367465747
2024-03-12,0.004085356152820907,0.03281905785576922,-0.006230727641224454
2024-03-13,0.009880602661182847,-0.011950080738851843,0.006410203605004883
2024-03-14,-0.0005754340055088569,-0.00439781016473495,-0.012738749233748181
2024-03-15,-0.005470695736042974,0.0027607089890420156,-0.01141451575473107
2024-03-18,0.004053197189807012,0.0005506797878005454,0.01907647491392317
2024-03-19,0.001441747999556986,-0.0074299040865343224,0.008210152136812532
2024-03-20,0.0020156597212892535,0.0174660932993298,0.006677576456033396
2024-03-21,-0.010344848472582213,-0.027247818345482067,-0.0024268782666670985
2024-03-22,-0.01398331290475563,0.009803704270128444,-0.011514764527641996
2024-03-25,0.0,0.015256566762158252,-0.0021328781928909857
2024-03-26,0.01986957243494225,-0.009289578500491169,-0.012660409857569999
2024-03-27,0.005525034107004334,0.007997815457991608,0.009159086476350886
2024-03-28,0.0017350092762653535,0.022161502394307142,0.003795445733344005
2024-04-01,-0.03414999488246351,0.007762332966878782,0.0064112570201060315
2024-04-02,0.0011961059952239061,0.025763483513895347,0.01176088465394276
2024-04-03,-0.007467074371731552,-0.005178637980034151,-0.014368737331789672
2024-04-04,-0.013240774436055536,-0.011452352118980325,-0.011138518119367169
2024-04-05,-0.0018299577149056834,0.0031595278208731425,-0.010932585208326517
2024-04-08,0.01497064985007679,0.01391079171672982,0.05459732110753568
2024-04-09,0.010535892811914804,0.0025884778970233224,-0.006669837350787966
2024-04-10,-0.021149920784977683,0.022205166586420466,-0.01518786304915376
2024-04-11,-0.0018255168325183035,-0.007325168570615825,0.004220744404622057
2024-04-12,-0.010365977206392762,-0.009160354116243274,-0.0037179919967447184
2024-04-15,-0.016944130434287108,0.009502228760228881,0.005841211873987895
2024-04-16,-0.007521137183342019,0.0045787417984421985,-0.008872376473172627
2024-04-17,0.0006314775487135105,0.007343717658631732,0.010904965690632595
2024-04-18,0.001262480093115359,0.0017595730240707042,0.0037030992556363884
2024-04-19,-0.005673112671725877,0.017064115643759648,0.016361863216335815
2024-04-22,-0.0006336367986754521,0.023932768729946874,-0.0004733877754216076
2024-04-23,0.014906217154157408,-0.001927650258526259,-0.00868471615720523
2024-04-24,-0.004374757934525575,-0.004587282152175187,0.012424236409157574
2024-04-25,-0.0056499640741463075,0.024011864521929382,-0.0210823354777957
2024-04-26,0.016729798513617222,0.014122614981805226,0.0
2024-04-29,-0.007761650158157218,0.012005007507441823,0.027000942207226375
2024-04-30,-0.018773627182752994,-0.003084348250492197,-0.009546163318799317
2024-05-02,0.014601664189627384,0.003807983129960002,0.009954206881594985
2024-05-03,0.012578862443628491,-0.01272132187001529,0.0010950826740445674
2024-05-06,0.006211141761126804,0.006768669059462384,0.0029692166301815703
2024-05-07,0.020679019195195325,0.012201321560965761,0.006232365725548306
2024-05-08,0.006350057899877193,0.01525202599459341,-0.009135854223449202
2024-05-09,-0.03004797212906185,0.009692256532926491,0.008126273379467586
2024-05-10,0.011462269542323655,-0.002159726833305342,-0.003410371263349199
2024-05-13,0.012250994390274439,0.0009617985348886471,0.005910722678235336
2024-05-14,0.010892644460042122,-0.01802005553608188,-0.0006186540138504171
2024-05-15,-0.0026937038336131147,-0.06043556315333787,-0.0029395349461083242
2024-05-16,-0.003001258355237013,-0.029166548795519054,0.007293604889878846
2024-05-17,0.0003010293022320809,-0.0158263439388594,0.019565480053925333
2024-05-20,-0.0030095405704821943,0.0016353140485554363,-0.00045335263999279896
2024-05-21,-0.005131170357226322,-0.0019044951649977993,-0.0028723308915358237
2024-05-22,-0.015473059903094888,0.0136312841525843,-0.007883501496399048
2024-05-23,-0.008936840075539187,-0.00995160829843611,-0.005959677702572774
2024-05-24,-0.009639409145074329,-0.005433298131545583,0.0004612973853614921
2024-05-27,-0.0034538358568572125,0.010925825999078098,0.00338057080980092
2024-05-28,-0.0053557201025112855,0.021345610158130413,-0.02159285023092372
2024-05-29,-0.006968693739224374,-0.0013226032254042286,-0.010173723100968313
2024-05-31,-0.010207532447125467,0.027549536026591825,-0.0006325717626247673
2024-06-03,0.01411214546255346,-0.005413451648983103,-0.02104425261276044
2024-06-04,0.0034978812493260403,-0.011145872152838132,-0.010182596517960829
2024-06-05,-0.001901145289649131,0.001310662342844493,-0.014206510348948265
2024-06-06,0.012698389584417935,0.004712015307696493,0.013914260548330004
2024-06-07,-0.014106817341759226,-0.03751952290783911,-0.013069833884523985
2024-06-10,-0.007949214481806854,0.015159655244337156,0.010925421147080616
2024-06-11,0.011217993483164657,0.004266752128853968,-0.0014737122429163696
2024-06-12,-0.0015844807633034197,-0.02175945893685005,-0.013774997271537304
2024-06-13,-0.010476337250057588,-0.010050243210655507,0.0114732788917975
2024-06-14,-0.0009622619975349078,-0.021996553191357404,-0.003452426574235834
2024-06-17,0.024405830328516842,0.003748547319053497,-0.00395894843155542
2024-06-18,-0.0006270939245303087,0.03131276075661371,0.004637293353334959
2024-06-19,0.007841754227806419,0.0008356317533144697,0.003132215116434356
2024-06-20,-0.006847069865730693,0.0158642791215009,0.009038670527273807
2024-06-21,0.006980683490785733,0.005205358594861487,-0.009283395382944204
2024-06-24,0.014429161748045871,0.010084498716650403,0.0011507841164180022
2024-06-25,0.003092170654860338,-0.0008095404943697648,-0.004105187277900768
2024-06-26,-0.0018495208165980603,0.0016204572940679007,0.012366104589953242
2024-06-27,0.0018529478822784107,0.016716002998192092,0.002605892462832715
2024-06-28,-0.000924643502933642,0.009016331165278002,0.010721175147879514
2024-07-01,-0.0047034771047755886,0.015243143072571241,0.014786209522969163
2024-07-02,0.013027547484534718,-0.0031066797015826264,-0.003326046998291199
2024-07-03,0.0061233515214143,-0.017397997839359247,0.019863454801869018
2024-07-04,0.0015216748697255422,-0.013741970346969223,-0.004985962931107091
2024-07-05,0.0006077298009503629,0.005358952628072844,-0.004071372609852131
2024-07-08,-0.001821851863077928,0.024520202087750853,-0.007861679311210734
2024-07-09,0.006997127087351229,-0.00025991065563446547,-0.001267735833247019
2024-07-10,0.010574031503911119,-0.009367797123214339,-0.013487856644613161
2024-07-11,0.005978886476397216,0.006829567807399073,-0.002573617576565379
2024-07-12,-0.005646281879452708,-0.004696118836425844,0.014675004479791864
2024-07-15,0.0038851227100658026,0.009174102752656843,0.0011126306578579381
2024-07-16,0.005954269256193356,-0.0025971665784062514,-0.010477855015863846
2024-07-17,0.010950085524874753,0.005208232210464958,-0.009305406080260203
2024-07-18,-0.004683931179351286,-0.001813380759071781,-0.009392663753210684
2024-07-19,0.007647132837997228,0.004152701426609617,-0.0008174725814529271
2024-07-22,-0.0005837086861443241,-0.01990195739340317,-0.0011451763270142745
2024-07-23,-0.0014603454010595485,-0.012921861408967006,-0.013431644553125843
2024-07-24,-0.0014624072211743,0.00801493344201809,0.006143107791687363
2024-07-25,-0.0043936469645710075,-0.0013252747340440907,-0.0004950970121919696
2024-07-26,0.0073551348224552004,-0.0010614998971985035,0.014858925854979832
2024-07-29,0.007301210408481307,-0.0201911358881266,0.0017894421152349071
2024-07-30,-0.0037690986223906098,-0.006236443833938843,-0.022085012597644282
2024-07-31,-0.013969855358701322,0.02073660652432241,0.023414144126939984
2024-08-01,-0.014539427908443092,-0.0152366612463396,-0.022391861644796673
2024-08-02,-0.012586499402700735,-0.03013018387228994,-0.0139418242963385
2024-08-05,0.0,-0.0008396075393198865,-0.005167862233710574
2024-08-06,0.022154898955697222,0.017366849468562595,0.0050860756637118865
2024-08-07,0.002672180950330505,-0.0013766581957842527,-0.0019193364866231244
2024-08-08,-0.003553387643158601,0.01599128908623615,-0.006119083617880827
2024-08-09,0.02704314749290937,-0.009226816558285722,0.003694039074016109
2024-08-12,0.0014463622987017644,0.02273364228765473,-0.00508243342722936
2024-08-13,0.028315770170515675,-0.006159616428365822,-0.004403705428998705
2024-08-14,0.02472620621481547,0.01751544441584696,-0.009200348755775356
2024-08-15,0.015903536830083276,0.015360150687269591,0.004107221809268369
2024-08-16,-0.00836727017461203,0.00417303179604156,-0.0026675820187541666
2024-08-19,0.00598832032471508,-0.0015583371877460062,0.01604845762385243
2024-08-20,0.00730497960129739,-0.00390195456418585,0.0038611343235477324
2024-08-21,-0.004029192532721493,-0.006006916453922262,0.019230731154034286
2024-08-22,-0.009169261040152366,0.0030590916451067596,0.001372170631229963
2024-08-23,-0.007621148635908126,-0.006196231847771627,-0.016786560544337692
2024-08-26,0.0021941240423004604,0.07264838106472071,0.011323951182378833
2024-08-27,0.0010949021147417248,-0.013394127975963954,0.03014645244703984
2024-08-28,0.021596471810127804,0.014344430597166724,-0.007190643356982607
2024-08-29,-0.01097116905234985,-0.006818139146271607,-0.001179056493607833
2024-08-30,-0.007034655108039578,0.0010168276348372363,0.00472179323540689
2024-09-02,-0.007970027768302024,-0.009397930923124465,-0.014098734938314372
2024-09-03,0.016213240440742238,-0.012051264911565163,-0.03728292499921948
2024-09-04,0.0070308843662982845,0.0002594850436994367,0.007780756909715247
2024-09-05,0.006444724492671305,-0.006227110665866786,0.007194282546420183
2024-09-06,-0.014141027035564413,-0.01958237080071734,-0.012543549353201677
2024-09-09,0.00974302774568514,0.010918897419130325,0.0
2024-09-10,0.0,-0.01659651630219383,-0.01199730925320397
2024-09-11,0.0018763255710387838,-0.0010715544554251721,0.028392895646603078
2024-09-12,-0.010968495206171047,-0.011263141884720107,0.009029334445107784
2024-09-13,0.0010817148067994165,-0.004610736092532042,0.0067114763074009876
2024-09-16,-0.00027010238722080526,0.013896406979472475,0.0
2024-09-17,-0.002432328747197565,-0.004568543798831204,-0.004786290088688472
2024-09-18,-0.005689568290413005,-0.02402812722237402,-0.01167988898015182
2024-09-19,-0.0027246640702156544,0.0033194671910010687,0.011991660503140489
2024-09-20,-0.010929122305774586,-0.0002756536813475208,-0.015112471856882137
2024-09-23,-0.0058445342182652515,0.010204113018029703,0.0031385834766590737
2024-09-24,-0.0002800842623648103,0.004094865699619588,0.04884413226972639
2024-09-25,0.012601429187764523,0.007340838062008137,0.004474588017448378
2024-09-26,0.012721146959762786,-0.021592366222545345,0.060056023310848916
2024-09-27,0.003823305799328214,-0.003862114283714524,-0.004513472688517317
2024-09-30,-0.017682508896156746,-0.0027692658717225482,-0.007035695802575792
2024-10-01,-0.016412071127856365,0.02665950027309516,0.004881083350023019
2024-10-02,0.006197364009265849,0.01379491650064879,0.005484151866552711
2024-10-03,-0.024636142000985184,0.012273061864102486,-0.019167802273703072
2024-10-04,0.002009057073681486,-0.0026356314939254277,-0.007308549560682165
2024-10-07,0.006588474606327388,0.014006246025313862,0.008802800822086398
2024-10-08,0.005975929517769263,-0.020067844331418283,-0.03030304705687703
2024-10-09,-0.018387257542960334,-0.010106237070588442,-0.002617792464954083
2024-10-10,0.005475567903429068,0.011552942386795273,0.004757206676853087
2024-10-11,-0.007451998701977991,-0.0007967735085366856,0.014367406550198192
2024-10-14,0.006352767753536881,0.0023924118743079426,-0.0032190636096336434
2024-10-15,0.01147758553773337,-0.008220615642903661,-0.012271931823616966
2024-10-16,-0.005957423832466113,-0.005080418684599186,0.019127070897067444
2024-10-17,0.001997732967596866,-0.007524697105433686,-0.02534496362471106
2024-10-18,0.00484200501404719,-0.0027077759374867227,-0.0034561784970766896
2024-10-21,-0.005102111800254661,-0.015748284339841545,-0.003633339793563284
2024-10-22,0.0017094969619684264,-0.003862114283714524,0.0013259273747900924
2024-10-23,0.00625700732183887,-0.012461760767420893,-0.01754664398855721
2024-10-24,0.009044690169459413,0.0067302895150398445,0.005897195520189413
2024-10-25,-0.011204451139448457,0.006963725472746818,0.034003268808417086
2024-10-28,0.01218139001716989,-0.0016597335955005343,0.018629591798932088
2024-10-29,-0.010635584497707962,-0.0022168074084747413,-0.003498638167701129
2024-10-30,-0.0028287761558185576,-0.00444320702994816,-0.003032292289646632
2024-10-31,-0.006524783998539285,0.0016737523804388754,-0.0065631151852758585
2024-11-01,-0.005495329834922735,-0.013645285595269119,-0.0004834673198060857
2024-11-04,0.013502022143048853,0.0022586748115054345,0.010317553893390619
2024-11-05,0.030045049944302127,-0.0030986135074101417,-0.008776113024975607
2024-11-06,-0.004677895728695147,0.0002827706348702552,-0.011268536577532684
2024-11-07,-0.014653124678857599,0.0031070379088422584,0.03484208936934685
2024-11-08,-0.01571247554714217,0.018868197366877393,-0.04609819813509808
2024-11-11,0.0011401438669049746,0.00193450378850768,-0.032656984269979095
2024-11-12,-0.011958910337536266,0.01875883165001846,-0.022677010005679454
2024-11-13,-0.005187446399909756,-0.0013538879687433614,-0.0027913376504036247
2024-11-14,-0.0028968537765000635,0.010574819441625083,-0.005598302052103654
2024-11-18,-0.003486163916534557,0.024952936484686994,0.012491252980845413
2024-11-19,0.009037763881184935,-0.010471073941828668,0.002258902432581422
2024-11-21,-0.01733570663925388,0.002909950252211857,-0.001040208978240531
2024-11-22,0.0029400718591008346,0.03983119886462405,0.009718852634255981
2024-11-25,-0.0002930866122305975,-0.006088215825989729,-0.00017190318765858414
2024-11-26,0.019061426546442828,-0.0012761971791060978,-0.012721375575770688
2024-11-27,-0.024460317028136003,-0.00357779947340664,0.012188777502001091
2024-11-28,-0.03598810763028748,-0.010259031380103867,-0.010321714491764444
2024-11-29,-0.002448209913090249,0.008033033833114489,0.02172787828154088
2024-12-02,-0.014190148636689548,0.006426976517324379,0.002381633984104292
2024-12-03,0.011208016766033557,0.008939750101010668,-0.0076373802466096485
2024-12-04,0.006157652257398949,-0.006329174980235663,-0.01949723346542076
2024-12-05,0.021419657033480588,0.009936231709726906,0.008198176156921644
2024-12-06,-0.020371508577301745,-0.015388229656074892,-0.017127965852741678
2024-12-09,0.004893148895355859,0.02587742379468083,0.053159579798717216
2024-12-10,0.013535040333177761,0.0037462433404340523,-0.0010028289474067753
2024-12-11,0.009699932606598294,0.009952658474553955,-0.01555974366991053
2024-12-12,-0.02491747885918849,-0.01788631829224996,-0.027597395266418356
2024-12-13,-0.012931037442467153,-0.0062597270917990055,-0.01498848085284854
2024-12-16,-0.010917264981761265,-0.004199634243189587,-0.0005370139243351391
2024-12-17,0.005361377606624584,0.009488880242394027,0.005015132318078042
2024-12-18,-0.028544702565359015,-0.025848703664374084,-0.02316876826891978
2024-12-19,0.005489322130648233,-0.004020410328019364,-0.018974617747505862
2024-12-20,0.011560741480283632,-0.008342207424986814,0.015808010339382284
2024-12-23,-0.019365228510215604,0.0002712518518563911,0.004210891088169744
2024-12-26,0.0064745434074302555,0.007517270868436787,0.002917128059875207
2024-12-27,-0.00997079341435847,-0.00307509418017482,-0.004908276494709818
2024-12-30,-0.0016245811142505673,0.014862405322589867,-0.003470912621212241
2025-01-02,-0.004634997757012038,0.016026827474180827,-0.005499497379893303
2025-01-03,-0.02453385783533879,-0.0106063940882547,-0.018617533070822145
2025-01-06,0.044936198980778386,-0.004673032112955555,-0.012772383541132637
2025-01-07,0.010911554532299084,0.0212648034512537,-0.009703159307599019
2025-01-08,-0.016190469900625115,-0.008112407050550052,-0.009606208492299761
2025-01-09,0.002581320176645363,0.004361948672725768,-0.006207571481754326
2025-01-10,-0.013839471220922439,0.0027143341240256635,0.005660798577965531
2025-01-13,0.007180121466348499,0.0035194669605829176,-0.0001941676463739217
2025-01-14,0.0006482090146235908,-0.006744138245776243,0.006600718987282317
2025-01-15,0.043393529519518026,0.01276484949470702,0.014464810584956522
2025-01-16,-0.003103626631955958,-0.0064361810507092,0.0013307740577446214
2025-01-17,0.007160634368608365,0.0040488308967381315,0.034554797518687064
2025-01-20,0.009582678449346904,0.002419247797467383,-0.0036704214455806072
2025-01-21,0.00214350495325788,0.000268053959423753,-0.0049732913332225515
2025-01-22,-0.003666439232519081,-0.005629932841740404,-0.02517584472483414
2025-01-23,-0.002146791246936619,-0.007010001769968022,-0.006456488758904588
2025-01-24,-0.0024585149388537397,-0.00515885719922804,0.013570322922011657
2025-01-27,0.024029635927878434,0.014738046676003203,0.017537223602796415
2025-01-28,0.0018051675267438672,-0.0013448140196890002,-0.024277140207147663
2025-01-29,-0.0024022555320114547,-0.006194474907269543,0.002848938601855311
2025-01-30,0.024382712298756326,0.013279065703294846,0.04223482003578405
2025-01-31,-0.006465071163597846,0.008023566189067521,-0.015627844036639638
2025-02-03,-0.009243006269073262,-0.005041143967451256,0.0007384367107534651
2025-02-04,0.003584135580979808,-0.009866589249240332,-0.0035049264334195973
2025-02-05,0.015178525515927133,-0.007271774891142502,0.005368432132492051
2025-02-06,0.0017591505801255458,-0.001899084688128938,0.01509849232896543
2025-02-07,-0.007316330907426893,-0.005708094218716098,-0.005441717642470589
2025-02-10,0.010907897291951851,0.006834361439397085,0.01039580322094058
2025-02-11,0.01049870263221564,0.0,-0.00433209496474618
2025-02-12,-0.027705762046689286,-0.014933533997765425,-0.006707848315590459
2025-02-13,0.005343097135979136,0.0011025400186905898,0.0012776608169069448
2025-02-14,0.026572112298245854,0.030837002838888905,0.014764776049724704
2025-02-17,0.002013301745094065,0.006143300680592212,-0.005388855751689348
2025-02-18,-0.001672841033280803,0.018316915806479317,0.0066824081433993765
2025-02-19,-0.009337419214844878,0.002085513458373711,-0.0008971049581818491
2025-02-20,-0.002736472628449005,0.0015608798578297112,0.036810995968938665
2025-02-21,-0.0030487642358625333,-0.002857153399495993,0.007273927733293606
2025-02-24,-0.005504528820902466,-0.007033107556836948,-0.00911280539270698
2025-02-25,0.010147553887764449,-0.004459617878357469,-0.009717207804272321
2025-02-26,-0.002435198278379458,0.0,-0.006132782851024587
2025-02-27,-0.0009156178711823282,-0.03530963665947051,-0.007404812046947207
2025-02-28,-0.02443481182718099,-0.01857417116243909,-0.020426187697769382
2025-03-05,0.014962672103352226,-0.03645968089048024,0.00797815021305781
2025-03-06,0.0018519995107981746,-0.01039871383396318,0.01097317313252888
2025-03-07,0.004312980131409683,0.010799807201496536,0.01459073281390344
2025-03-10,0.008895761760538745,-0.0002887058878224824,-0.016184054865915454
2025-03-11,-0.008817324938520499,-0.015020336794804745,0.008334855289484633
2025-03-12,0.003067511548894508,0.0,-0.012490837841297342
2025-03-13,0.016208013260011978,0.009970712247834967,0.013764942171366812
2025-03-14,0.032500778508143924,0.03077828033711394,0.03284407157337399
2025-03-17,0.03002024209295384,0.01859125314371224,0.014389670311402147
2025-03-18,0.005376371389330226,0.0008296492770478725,0.007355624100086278
2025-03-19,0.0024769109324309646,-0.0008289615297141228,-0.0017385371841506236
2025-03-20,-0.009265118188501176,0.002212636169208526,-0.003134831400504523
2025-03-21,0.0021820513544619224,0.015452476747400246,0.003668816482734538
2025-03-24,0.0009330333399328872,-0.0013587007381786753,-0.0052219664850403635
2025-03-25,0.008079662929428633,0.007891303178999998,0.003324577340611423
2025-03-26,-0.010789180920273145,0.009449045664169597,0.0061039093644463804
2025-03-27,0.0012465935096324099,0.007488776908708417,0.00797373415781788
2025-03-28,-0.013694386890249377,-0.006371026621957099,-0.010146211807718353
2025-03-31,-0.008835552648315148,-0.007213605862156025,-0.014940914496641589
2025-04-01,0.00024372598665101108,0.003767390048186714,0.00864192970900235
2025-04-02,0.0003184885072524679,-0.0026807445379022354,-0.004546235941006338
2025-04-03,0.01782858491857464,-0.03225823809652206,-0.03618483837630582
2025-04-04,-0.02596189957700501,-0.04027780991426466,-0.03991245388274045
2025-04-07,0.0019269553891259061,-0.0396525787744717,-0.011959013668289331
2025-04-08,0.0003204613322829175,-0.03556365915552728,-0.0547550068775462
2025-04-09,0.018263262780179756,0.04062495123474963,0.05386172115556298
2025-04-10,-0.004090574193364116,-0.06216214067487413,0.017936410063745134
2025-04-11,0.0050552264388390444,0.019852849907056713,0.01667295047823747
2025-04-14,0.016347203014952516,-0.0037678098181200825,0.013045107803864475
2025-04-15,0.012681873083712825,-0.023006502234273918,-0.01011772416409451
2025-04-16,-0.0015273971081097848,0.0,-0.023229882031646887
2025-04-17,0.0018352602844344812,0.01977171121191268,0.006088304488115481
2025-04-22,0.019542126322757314,0.0022689655219370053,0.01777602528740929
2025-04-23,0.020964401135620703,-0.01131955245137184,0.011891538410166325
2025-04-24,0.01936061769490882,-0.004579633206092337,0.015607812360157514
2025-04-25,-0.0037410853549822987,0.0029576143383551745,-0.026396726812486393
2025-04-28,0.010687545005547028,-0.003931879808949601,0.0035283119544764485
2025-04-29,0.008002043174008211,0.005263154621870436,-0.003700986837552378
2025-04-30,0.008789571916634209,-0.018651829514429008,-0.01820198551398433
2025-05-02,-0.002596945391602379,0.027342447996280717,-0.001135112682730366
2025-05-05,-0.017761435860564667,-0.03732547782576878,0.0030302758436373534
2025-05-06,-0.005166345389698623,0.01652049304694181,0.0007552606382807969
2025-05-07,0.01096356220394612,0.004643429131867771,-0.001886726625346613
2025-05-08,0.007990822656615437,0.013865971406795241,-0.003024547496117691
2025-05-09,0.05407696229990955,0.006512566877984183,0.003981776388486846
2025-05-12,-0.020145066598589056,0.023940474075817786,0.025117981728281835
2025-05-13,0.012335540238793463,0.015165933454865277,0.01639646456256627
2025-05-14,0.006769416735198597,-0.006847292965503238,-0.004893981558054317
2025-05-15,0.013448491860882372,-0.0012534918961416563,0.010018281662948603
2025-05-16,0.005838676593957315,0.004706609499899761,0.0007213453863308406
2025-05-19,0.011873360777067576,-0.0012492512790492905,-0.002703207658152351
2025-05-20,-0.0013039311527930364,0.004065079364349522,0.00018065726808358384
2025-05-21,-0.020104562673772808,-0.011211421021497858,-0.012827427197986352
2025-05-22,-0.006927813938711336,-0.013228354353739258,-0.007503588519020554
2025-05-23,0.012074297883162943,0.0022342704204680874,0.001659578269891826
2025-05-26,0.0021207486102734485,-0.0031847280753021234,-0.005706990173695803
2025-05-27,0.00793674297390945,0.007348296968878731,-0.0031475708495795063
2025-05-28,-0.00813676703100874,-0.003171597134883797,-0.007986541378869672
2025-05-29,-0.007938503130513475,-0.006045134006618769,0.0007488972320988108
2025-05-30,-0.0016004054497757991,-0.010883559075972937,-0.025257261183693758
2025-06-02,-0.007012324277944071,0.005825256049627248,0.008829185257366978
2025-06-03,-0.003230312524341583,0.0003038492961555672,-0.000570874897205309
2025-06-04,-0.0024303833459986546,-0.027501696640938045,0.004568895927276051
2025-06-05,-0.012181986712142545,0.00034076120982806657,0.0026530086434599642
2025-06-06,0.0024664670215477358,0.01055854064708961,0.0013229944061352583
2025-06-09,-0.005194213738947906,-0.016852031893214492,0.005851256486036682
2025-06-10,-0.0015503432137082829,0.030167973277722027,0.006755565009544773
2025-06-11,0.009166419575605822,0.0332778559906981,-0.00876052680577144
2025-06-12,0.00770749719600361,0.02254435288930612,-0.006581387059163113
2025-06-13,-0.01201882886816208,0.024566883906256498,-0.013250056001328891
2025-06-16,0.018247146549318805,-0.009837139369398895,0.03261075684130499
2025-06-17,0.005973577171074496,0.022663835306770963,-0.04495631758870677
2025-06-18,-0.005938105439978747,-0.0009106832767735717,-0.0033067553037446906
2025-06-20,-0.005158647230137814,-0.002734787958828977,-0.025761196859675484
2025-06-23,-0.0021835263457785636,-0.02498482391736956,0.012620209965866325
2025-06-24,0.0188732119454591,-0.01968740199213781,-0.00019777593318426323
2025-06-25,-0.017986755099797413,-0.005100513346768976,-0.0011872192070362386
2025-06-26,-0.007381127444719082,0.008010282723277973,0.03011095420019494
2025-06-27,-0.0011013933473970061,-0.007946627986410104,0.01673078430590702
2025-06-30,0.018748196478026058,0.0054470497439282894,-0.004161083214590855
2025-07-01,0.004539405738816837,0.0035054327449834943,0.013485163289759239
2025-07-02,-0.008086355159694691,0.017783347515963444,0.03635687704551138
2025-07-03,0.024728297800516552,0.0034321524509848267,-0.004701613491018053
2025-07-04,0.0005303925276238797,-0.0012438211545207079,0.0029069506280425816
2025-07-07,-0.013251883802650521,-0.0018678648154423216,-0.014673889805924878
2025-07-08,-0.0024177091119956806,0.014348049349876657,0.0034932817068697997
2025-07-09,-0.020732194126918624,-0.006150071217983943,-0.009893768895883559
2025-07-10,-0.030794554870949398,-0.002475200989424331,0.02294593385097321
2025-07-11,-0.008227101583211494,0.01209675175187841,0.013024673930266628
2025-07-14,-0.0017162203222734762,-0.013178074506515092,-0.011428617221311943
2025-07-15,0.0034385848981088873,-0.007763939953832288,-0.026192220597861637
2025-07-16,0.0048541505930526085,-0.005007794185013403,0.009089329695463721
2025-07-17,0.015061203425569936,-0.010066189230195421,-0.001838247369463919
2025-07-18,-0.018196960723171673,-0.01525253006939764,0.004788199225084666
2025-07-21,0.011690698323362891,0.001936039059497574,0.027309381498078933
2025-07-22,-0.013528656449463883,0.009661818617857643,0.025869781562682936
2025-07-23,0.011142924258259024,0.020414745596649908,-0.001391327950371557
2025-07-24,-0.009324760443283675,-0.001563006824339408,-0.01549982682768436
2025-07-25,0.004278494297934365,0.0012523246080029526,-0.01468250759679579
2025-07-28,-0.0210168860014035,0.0012508220115599045,-0.009694753463959871
2025-07-29,0.0058022814863698535,0.013116778054400369,-0.006163972748799651
2025-07-30,0.011537373546883556,0.010172670912549808,-0.017876670416412832
2025-07-31,0.0025663158111373097,-0.003967139407386799,-0.007057857623125274
2025-08-01,-0.006042516416291832,-0.013174038210938988,0.0054245433889241745
2025-08-04,0.010592311128942544,-0.0015522680579114212,0.008000068648882586
2025-08-05,0.01104851067768653,0.004664234226397612,-0.001292059520788369
2025-08-06,0.012608225796651995,0.0012379203997492372,-0.006283430857840444
2025-08-07,0.017709097651017913,0.00556419552154086,0.007253054685463667
2025-08-08,0.006797075571878253,-0.06148168229249096,0.022710500236342357
2025-08-11,0.006211096846470365,0.006223353209389382,-0.00108319019203873
2025-08-12,0.02066552573157132,0.002604117750407031,0.010482568229967404
2025-08-13,-0.009466109631463882,-0.007467475314909433,0.0013956673443717982
2025-08-14,-0.001327229863325341,-0.012757582520519839,-0.012386827332747985
2025-08-15,-0.003455699569357318,-0.00033132213679809563,-0.0018719342942796757
2025-08-18,0.007202040857444469,0.006297612507257577,-0.002250534004919813
2025-08-19,-0.029056186396887673,-0.010540120566170375,0.0007518701108917281
2025-08-20,0.0005509390617415288,0.005991931523497751,-0.0045079067636547565
2025-08-21,0.0011009243507531519,0.0023163201317704107,0.008490609483014833
2025-08-22,0.028044835777289112,0.028763631879149543,0.025070139354909537
2025-08-25,-0.005081392994965683,0.005907459249419489,0.00237266549841908
2025-08-26,-0.006720280537961365,-0.007177796350234633,0.008922101177815778
2025-08-27,0.016779192182054814,0.007558273127416193,-0.0005414116128698021
2025-08-28,0.02076143417538412,0.008806308870836776,0.0003611365987949977
2025-08-29,0.003650548924774677,0.005496265420919633,0.0028881222719827626
2025-09-01,0.007996711257229006,0.002250789593837288,0.0007198609439347248
2025-09-02,-0.017019194512678193,0.005133163208684399,-0.00377693042147742
2025-09-03,-0.008656876154591764,-0.008617983394940243,0.0037912497078342877
2025-09-04,0.003969285281875123,0.0,0.001978392125535855
2025-09-05,0.011070235720819888,-0.015131980606815976,0.009154650425360122
2025-09-08,-0.0046924090291367015,0.003922835114741563,0.0024901851758363236
2025-09-09,-0.00864349119587371,0.007815143066732144,-0.0030163564041482127
2025-09-10,0.0007927541185923648,0.018093648042332156,0.006940791407824554
2025-09-11,0.0018479616807447474,-0.003808362934178189,0.007776571139821664
2025-09-12,-0.015019868461585872,-0.006689986482450672,-0.0003507496516969022
2025-09-15,0.016586437563739898,0.008659442556778085,0.00877188843261667
2025-09-16,-0.002631419238566468,0.0025436677007897313,0.0034782864888804887
2025-09-17,0.014247863479957656,0.0060259777970390616,0.001733080187205971
2025-09-18,0.0013007587413271793,-0.00977297013801759,-0.001903089998356089
2025-09-19,0.013250219694684429,-0.01114300422559078,0.003986775370714568
2025-09-22,-0.014359028380060423,0.009980766395247143,0.0013812672602093734
2025-09-23,0.015868863236523367,0.016895060286204133,-0.0056897211403335035
2025-09-24,-0.00665789876233136,0.022570506308401628,0.003814829672654785
2025-09-25,-0.00799197845731936,-0.00797046763389564,0.005527724193101324
2025-09-26,0.004937810680504695,-0.0033993422134497298,-0.01924064303519346
2025-09-29,0.0056891661317548525,-0.013643377688973057,0.0033280361148417814
2025-09-30,0.004628351947447484,-0.011002822126787715,0.0052375038975363
2025-10-01,-0.017984927728704303,-0.0025429226327909893,0.012677990883726675
2025-10-02,-0.010951644679145445,-0.009560223249778232,0.006688373300867578
2025-10-03,0.007382088444916057,-0.0025740137197336477,-0.0018739114271325574
2025-10-06,-0.011515275588716789,-0.009032265118465777,0.01706774703998737
2025-10-07,-0.01588581785631782,0.0035807528498468244,-0.014096347508208318
2025-10-08,0.0018832004534772295,-0.005838478106434675,0.007659613779774865
2025-10-09,-0.0016110894004095488,-0.014355657750326212,-0.0015202508892033784
2025-10-10,-0.0010760186631868507,-0.008937419190441553,-0.004060310683786761
2025-10-13,0.004039077312712802,0.009686005915008344,0.014948274097334346
2025-10-14,0.004290589505942188,-0.006946697860094941,0.0
2025-10-15,0.0,-0.008993984860436566,0.01857737026850792
2025-10-16,-0.002403138678053973,-0.010084026855352923,-0.009201460724799215
2025-10-17,0.003479537208064709,0.009507579470842575,-0.002819201299307794
2025-10-20,0.017871480658707695,0.0006727743922967377,0.01280562488792314
2025-10-21,-0.009434034926802282,-0.008067261694932548,-0.0016420810442240308
2025-10-22,0.008201254648001477,0.01152155134992161,0.017763195642684693
2025-10-23,-0.0007870999344781193,0.011390250431885018,-0.001939342197495142
2025-10-24,-0.0013133443883168727,-0.01159323544558466,-0.0004856801384188758
2025-10-27,0.008414426282793652,0.005361953581851875,-0.0011339560629581857
2025-10-28,0.0033898234567768526,-0.0003333596955101825,0.008757656886832832
2025-10-29,0.022349343524860954,0.0010003461023333493,0.018167229747718228
2025-10-30,-0.00127106681986211,-0.004330456833541607,0.0075793764893155036
2025-10-31,0.0038178397257524477,-0.004683811068543653,0.022723735369393427
2025-11-03,0.016682332402970568,0.0117646979979118,0.0013790198292693567
2025-11-04,-0.002994090981914832,0.004983385403398266,-0.01117053912514443
2025-11-05,0.0042542880810299,0.01983476358075964,0.01717731102000819
2025-11-06,0.0,0.005186343273506866,-0.0034991796526495644
2025-11-07,0.000996682292511597,0.037729790799251095,-0.010992410146983489
2025-11-10,0.006721377023467978,0.005593544867936062,0.006637890802218882
2025-11-11,0.019287775469781998,0.025957991540983993,-0.00260692890145775
2025-11-12,-0.02280440921356286,-0.025602511295472863,0.011070092708338475
2025-11-13,0.003972195982646198,0.004327762094622045,-0.0013686567232514824
2025-11-14,0.003956583850383666,0.0064634858185868005,-0.006091106179286099
2025-11-17,-0.007389203045078174,0.005504595658453848,-0.000765977510373772
2025-11-18,-0.004962806548646781,0.0033455207665809006,-0.003066628036829333
2025-11-19,-0.006234500878846139,-0.005153121425976126,-0.0010765781915770267
2025-11-21,0.00301137250466188,-0.007617301522792053,0.0032334008065886266
2025-11-24,-0.0037527829552672642,-0.0009211046644734822,-0.0010743881489178042
2025-11-25,0.0022601516316800296,-0.007990185268798244,0.007835328764271843
2025-11-26,0.02355293547802617,-0.0015489457403899953,0.014939079018097212
2025-11-27,-0.0034272123206218197,0.005274696913862842,-0.0037548936437047375
2025-11-28,0.022844525370681046,-0.018827171205711313,0.016131439457716334
2025-12-01,-0.00774469039834369,0.0018873469670366294,0.007715035193906816
2025-12-02,0.022276119418146,0.006907298460809619,0.008245126243817236
2025-12-03,0.0,0.007483724472163278,0.032272194190069436
2025-12-04,0.02463292563798647,0.006499494150566276,0.017399863161691842
2025-12-05,-0.04623223673989807,-0.03536283021336495,-0.023637297312383176
2025-12-08,0.004847417925105901,0.009244469347426287,-0.006835800495608724
2025-12-09,-0.0021707393283366683,0.00631711525624401,0.0005736667945703822
2025-12-10,0.007870216618304449,0.0025109964434903986,0.01834324564703871
2025-12-11,-0.0007607431195558734,-0.016593614529286427,0.013228316386338479
2025-12-12,0.008880918661559045,0.005730667937877465,0.002802943983271522
2025-12-15,0.015090714653920978,0.0034820743951244904,0.006121529882072929
2025-12-16,-0.02576815922589437,-0.030283917782878422,0.003766509355762171
2025-12-17,-0.008901447966312537,0.011060539510923784,0.012700205538902942
2025-12-18,0.005132109562800302,-0.005791514831932187,0.00256520321893694
2025-12-19,0.009190731201124791,0.0035598940626320186,0.0071073206943128575
2025-12-22,0.002023963112915972,0.002902261925473937,0.029216651226609658
2025-12-23,0.016409856092174158,0.005377751718335544,-0.0002742271471274371
2025-12-26,0.00032289840547727877,0.0032992375980964717,0.0030178493291941333
2025-12-29,-0.003069007995166406,0.010522842954793,-0.013676148282786293
2025-12-30,0.0064134907664610274,0.0029287310046171022,-0.0022185753745961323
2026-01-02,-0.0015763125913013099,-0.003569107161950247,0.00583655050429166
2026-01-05,0.014559280245243,-0.016606950646441576,0.010223895015816886
2026-01-06,0.006042216696501512,-0.018543090181387556,0.03760940777766253
2026-01-07,-0.016015935371928913,0.006410314929453653,0.005931157663790376
2026-01-08,0.015513696929667642,0.01240360685416575,-0.009695988819818036
2026-01-09,-0.0020034477354646807,0.0033112546756113304,-0.011378679406146786
2026-01-12,-0.009033903082723005,0.001980195872525181,0.00026762102167721125
2026-01-13,-0.008103275859799197,0.025691671800370797,0.008161635373115983
2026-01-14,0.010977738676082538,0.02729611547473776,0.047378895383127784
2026-01-15,0.00858585121890254,-0.006251946936509767,-0.0008869703047175159
2026-01-16,-0.008262273130729914,0.007864099604065311,0.00038045377143181014
2026-01-19,-0.0015148704631174903,0.004057363486467347,-0.003929989469926287
2026-01-20,0.009355192559310499,0.0037302997487198564,0.01921855850955212
2026-01-21,0.0438377246460917,0.03530494799592865,0.030219756663477648
2026-01-22,0.033837345310814504,0.004487098695126868,0.005818222508285897
2026-01-23,0.011374145602722319,0.04347821082066439,0.024584155261574203
2026-01-26,0.01331183265175162,0.009132410016792214,-0.022935744827522475
2026-01-27,0.026500601614393826,0.021775994294485956,0.022029635702149886
2026-01-28,0.022506685890353983,0.03349024552787405,0.024381621408961385
2026-01-29,-0.00410015513943307,0.009641124532848266,0.00505924382235734
2026-01-30,-0.014084450630659884,0.0015914076087966134,-0.03535069028517401
2026-02-02,0.008754728299755321,-0.01377106997353339,0.005929791292808684
2026-02-03,0.0056668344659787095,0.009129957352081997,0.0491629118598047
2026-02-04,-0.032943193045734676,-0.0015965921264617933,0.0049444033258638775
2026-02-05,0.020170436213321485,-0.013859362371457684,-0.03332218882661819
2026-02-06,0.02702106646522595,-0.009459345104582018,-0.009485248395267765
2026-02-09,0.033368919953488785,0.018280910155772823,0.01961929649727656
2026-02-10,0.0022769213117157516,0.0008038576882913873,-0.002977832025037652
2026-02-11,0.01961998769999429,0.019544929316617665,0.03492238000641201
2026-02-12,-0.022888269314630616,-0.025472660632746447,-0.009545932022591574
2026-02-13,-0.00974298313705868,-0.005928418577287875,-0.024655435334193232
2026-02-18,0.004605319776090244,0.008132276650809622,-0.03573481160488523
2026-02-19,0.011669148389030104,0.016671234768964815,-0.0054814000775667004
2026-02-20,0.014006120373476483,0.004231679980632785,0.04013897089467311
2026-02-23,-0.03615675718490241,0.016328662251790416,0.006681279200166035
2026-02-24,0.015173851191998322,0.025395152116887143,0.0038906507570639626
2026-02-25,-0.007888661497485572,0.0,0.02553285966097585
2026-02-26,-0.002511036478533679,0.001010865732061994,-0.00844728382704063
2026-02-27,-0.01867003251045274,-0.007068816812688228,-0.008295010328033148
2026-03-02,-0.018002260712278284,0.04576653641199435,-0.0035039850154450214
2026-03-03,-0.033536536571178055,-0.004376362679285761,-0.04174228847902628
2026-03-04,0.014195491287652517,-0.010989092936353084,-0.004616560174544038
2026-03-05,-0.03332592151283886,0.004691353099315787,-0.03329760428472772
2026-03-06,-0.013330208618905659,0.036126869731043065,-0.029892979183269053
2026-03-09,0.005357549713784104,0.023719138988836708,0.0050722992998100125
2026-03-10,0.01482855089803281,-0.005329002613764677,0.016401657675063852
2026-03-11,0.002054806314079727,0.04355923548733065,-0.008813295754586559
2026-03-12,-0.027341178129091426,0.004464367374957812,-0.007639331521706372
2026-03-13,-0.006793039347458674,-0.007333411043736304,-0.011862630456247247
2026-03-16,0.014150903157807981,0.026639861870844328,0.006896465709916644
2026-03-17,-0.0067442446898737796,0.011338844967483608,0.0015221049233402617
2026-03-18,-0.010067848130460133,0.013367816478017103,-0.023176315251687396
2026-03-19,0.00709553360704307,-0.004680846059183064,-0.006482562139308867
2026-03-20,-0.016128404062712764,-0.02372814606909157,-0.014093621823952018
2026-03-23,0.02960286301904347,0.007882712937059333,0.025678288995999887
2026-03-24,-0.005609986948954648,0.026938923447431096,0.00787199157527363
2026-03-25,0.013163967914790575,0.004865660154314888,0.018566000076391642
2026-03-26,-0.026914165540889656,0.010947438218078531,-0.008045246575691944
2026-03-27,-0.011683281131522838,0.02894623976517985,0.0011404933939171968
2026-03-30,0.0036188034148687542,0.005262008697753506,0.006329113924050667
2026-03-31,0.045192342093989035,-0.02013285661966302,0.037484318955139484
2026-04-01,0.008471415763098511,-0.026710471702593774,0.006304517724327718
2026-04-02,-0.012092232987738982,0.01646618193022853,0.006626542792262713
2026-04-06,0.004388047222957603,0.0164069625467802,-0.005505765374804628
2026-04-07,-0.0006898733694230552,-0.008786259879023373,0.0072211593448103795
2026-04-08,0.03497470063929975,-0.03916714145128708,0.022702758287223235
2026-04-09,0.017118729782125586,0.027676517371840514,-0.01051517624713283
2026-04-10,0.006994528848616843,0.023590706844815346,0.010626920185851318
2026-04-13,-0.005209417524621673,0.015296820248762444,0.020680036782258382
2026-04-14,0.015273770898430739,-0.038167897438286746,0.010760101131396693
2026-04-15,0.010960716733510623,-0.020676749091960045,0.0015854969967143973
2026-04-16,-0.0012755393733678844,0.0360418437691048,-0.01130710054720463
2026-04-17,-0.003831424157719643,-0.04857968786552147,0.026418086620499492
2026-04-20,-0.009188040858668756,0.017308505630156734,-0.011364865103803967
2026-04-22,-0.02889799834924056,0.013823889947515156,-0.017017942962947896
2026-04-23,-0.01887627131164593,0.015437338968859127,-0.014331575126179774
2026-04-24,0.004300557387880488,-0.012769533274149758,-0.0011631786983971049
2026-04-27,-0.008564283582727317,0.004452906809841339,-0.004308870790117214
2026-04-28,0.002500495372977918,0.00316659339795633,-0.012982463278965684
2026-04-29,-0.027891147047502063,0.030303001111897654,-0.05865620315254283
2026-04-30,0.007464420405810079,0.0024510365364791564,0.021903295698573633
